"Jefferson.County..Alabama_18","Maricopa.County..Arizona_18","Pima.County..Arizona_18","Alameda.County..California_18","Contra.Costa.County..California_18","Fresno.County..California_18","Kern.County..California_18","Los.Angeles.County..California_18","Orange.County..California_18","Riverside.County..California_18","Sacramento.County..California_18","San.Bernardino.County..California_18","San.Diego.County..California_18","San.Francisco.County..California_18","San.Joaquin.County..California_18","San.Mateo.County..California_18","Santa.Clara.County..California_18","Sonoma.County..California_18","Stanislaus.County..California_18","Ventura.County..California_18","Adams.County..Colorado_18","Arapahoe.County..Colorado_18","Denver.County..Colorado_18","El.Paso.County..Colorado_18","Jefferson.County..Colorado_18","Fairfield.County..Connecticut_18","Hartford.County..Connecticut_18","New.Haven.County..Connecticut_18","New.Castle.County..Delaware_18","District.of.Columbia..District.of.Columbia_18","Brevard.County..Florida_18","Broward.County..Florida_18","Duval.County..Florida_18","Hillsborough.County..Florida_18","Lee.County..Florida_18","Miami.Dade.County..Florida_18","Orange.County..Florida_18","Palm.Beach.County..Florida_18","Pasco.County..Florida_18","Pinellas.County..Florida_18","Polk.County..Florida_18","Cobb.County..Georgia_18","DeKalb.County..Georgia_18","Fulton.County..Georgia_18","Gwinnett.County..Georgia_18","Honolulu.County..Hawaii_18","Cook.County..Illinois_18","DuPage.County..Illinois_18","Kane.County..Illinois_18","Lake.County..Illinois_18","Will.County..Illinois_18","Johnson.County..Kansas_18","Sedgwick.County..Kansas_18","Jefferson.County..Kentucky_18","Anne.Arundel.County..Maryland_18","Baltimore.County..Maryland_18","Montgomery.County..Maryland_18","Prince.George.s.County..Maryland_18","Baltimore.city..Maryland_18","Bristol.County..Massachusetts_18","Essex.County..Massachusetts_18","Middlesex.County..Massachusetts_18","Plymouth.County..Massachusetts_18","Suffolk.County..Massachusetts_18","Worcester.County..Massachusetts_18","Kent.County..Michigan_18","Macomb.County..Michigan_18","Oakland.County..Michigan_18","Wayne.County..Michigan_18","Hennepin.County..Minnesota_18","Ramsey.County..Minnesota_18","Jackson.County..Missouri_18","St..Louis.County..Missouri_18","Douglas.County..Nebraska_18","Clark.County..Nevada_18","Bergen.County..New.Jersey_18","Camden.County..New.Jersey_18","Essex.County..New.Jersey_18","Hudson.County..New.Jersey_18","Middlesex.County..New.Jersey_18","Monmouth.County..New.Jersey_18","Ocean.County..New.Jersey_18","Passaic.County..New.Jersey_18","Union.County..New.Jersey_18","Bernalillo.County..New.Mexico_18","Bronx.County..New.York_18","Erie.County..New.York_18","Kings.County..New.York_18","Monroe.County..New.York_18","Nassau.County..New.York_18","New.York.County..New.York_18","Queens.County..New.York_18","Suffolk.County..New.York_18","Guilford.County..North.Carolina_18","Mecklenburg.County..North.Carolina_18","Wake.County..North.Carolina_18","Cuyahoga.County..Ohio_18","Franklin.County..Ohio_18","Hamilton.County..Ohio_18","Montgomery.County..Ohio_18","Summit.County..Ohio_18","Oklahoma.County..Oklahoma_18","Tulsa.County..Oklahoma_18","Multnomah.County..Oregon_18","Washington.County..Oregon_18","Allegheny.County..Pennsylvania_18","Bucks.County..Pennsylvania_18","Chester.County..Pennsylvania_18","Delaware.County..Pennsylvania_18","Lancaster.County..Pennsylvania_18","Montgomery.County..Pennsylvania_18","Philadelphia.County..Pennsylvania_18","Providence.County..Rhode.Island_18","Greenville.County..South.Carolina_18","Davidson.County..Tennessee_18","Shelby.County..Tennessee_18","Bexar.County..Texas_18","Collin.County..Texas_18","Dallas.County..Texas_18","Denton.County..Texas_18","El.Paso.County..Texas_18","Fort.Bend.County..Texas_18","Harris.County..Texas_18","Hidalgo.County..Texas_18","Montgomery.County..Texas_18","Tarrant.County..Texas_18","Travis.County..Texas_18","Williamson.County..Texas_18","Salt.Lake.County..Utah_18","Utah.County..Utah_18","Fairfax.County..Virginia_18","King.County..Washington_18","Pierce.County..Washington_18","Snohomish.County..Washington_18","Spokane.County..Washington_18","Milwaukee.County..Wisconsin_18"
659300,4410820,1039070,1666750,1150220,994400,896764,10105500,3185970,2450760,1540980,2171600,3343360,883305,752660,769545,1937570,499942,549815,850967,511868,651215,716492,713856,580233,943823,892697,857620,559335,702455,596849,1951260,950181,1436890,754610,2761580,1380640,1485940,539630,975280,708009,756865,756558,1050110,927781,980080,5180490,928589,534216,700832,692310,597555,513607,770517,576031,828431,1052570,909308,602495,564022,790638,1614710,518132,807252,830839,653786,874759,1259200,1753890,1259430,550210,700307,996945,566880,2231650,936692,507078,799767,676061,829685,621354,601651,503310,558067,678701,1432130,919719,2582830,742474,1358340,1628700,2278910,1481090,533670,1093900,1092300,1243860,1310300,816684,532331,541918,792582,648360,811880,597695,1218450,628195,522046,564751,543557,828604,1584140,636084,514213,692587,935764,1986050,1005150,2637770,859064,840758,787858,4698620,865939,590925,2084930,1248740,566719,1152630,622213,1150800,2233160,891299,814901,514631,948201
51.756,78.5994,74.2854,38.6324,54.103,64.7413,75.114,51.2998,60.3581,60.6524,56.7242,60.8113,70.9939,45.3668,57.9661,50.0667,44.3703,73.8672,78.9384,80.6111,81.4456,72.055,75.9979,79.6986,90.4638,71.2544,70.907,72.8403,63.2347,42.2443,82.3446,59.5239,59.6657,69.8425,83.8049,74.3787,63.8263,73.1178,86.0323,81.1448,76.4116,57.7579,35.0581,44.5665,46.5556,20.4508,57.2153,75.9901,75.5112,74.1016,73.5168,85.7257,76.8975,70.8357,71.2102,59.2309,51.5719,15.6489,30.4195,83.991,77.4854,75.9509,82.7403,54.9081,82.999,79.5305,80.4742,74.7246,53.1409,71.7503,65.4821,67.6433,67.6998,78.7257,57.6117,71.0568,61.4974,40.9839,53.2051,56.4631,83.586,90.7471,62.443,53.1074,78.1301,22.4763,77.4027,43.5868,75.5412,67.6306,55.5395,37.2187,81.4499,54.5652,52.4621,64.0666,62.5487,65.468,67.0192,72.6509,77.9614,67.9079,71.2973,78.3839,75.7373,79.7128,87.0317,84.5506,68.5731,87.6243,78.563,39.3578,73.5301,72.4873,63.042,39.2838,80.717,67.8158,60.5719,73.5654,78.1057,51.9443,61.058,86.8097,86.0505,65.4348,71.2925,79.1946,77.092,90.9922,61.1014,63.0667,73.1951,74.7398,87.0525,58.0826
47.3,49.5,49.1,49.2,48.9,49.9,51.3,49.3,49.4,49.8,48.9,49.8,50.3,51.1,49.8,49.6,50.7,48.8,49.5,49.5,50.5,49.6,50.1,50.5,49.7,48.7,48.7,48.1,48.5,47.6,48.5,48.7,48.4,48.9,49,48.5,49.1,48.4,48.5,48,49,48.5,47.2,48.5,48.8,50.3,48.6,49.2,49.9,50,49.7,49.2,49.6,48.3,49.6,47.4,48.4,48.1,46.9,48.4,48.3,48.9,48.8,48.4,49.3,49.2,48.7,49,48.2,49.5,48.8,48.3,47.4,49.3,49.9,48.5,47.9,48.1,49.7,49.4,48.7,48.2,48.8,48.8,49.1,47.1,48.4,47.4,48.2,48.7,47.3,48.5,49.3,47.4,48.1,48.7,47.7,48.8,48.3,48.3,48.6,49,48.8,49.6,49.6,48.3,49,49.3,48.2,48.9,48.7,47.3,48.7,48.7,48.3,47.6,49.4,49.2,49.4,49.2,49.4,49.1,49.7,49.1,49.8,48.9,50.5,49.2,50.1,50.5,49.6,50.2,49.8,50.1,49.3,48.4
6.3,6.3,5.6,5.8,5.6,7.8,7.8,6,5.9,6.5,6.4,7.1,6.2,4.5,7,5.6,5.9,4.9,7,5.8,7.1,6.1,6,6.8,5.2,5.5,5.3,5.1,5.8,6.5,4.7,5.8,6.8,6.2,4.6,5.8,6.1,5.1,5.2,4.3,5.8,6.2,7,5.9,6.6,6.3,6.1,5.9,6.3,5.7,5.8,6.3,6.9,6.3,6.2,5.9,6.3,6.5,6.3,5.2,5.6,5.3,5.3,5.2,5.4,6.7,5.4,5.5,6.5,6.5,6.9,6.6,5.9,7.5,6.3,5.3,6.1,6.6,6.9,5.8,5,7.1,6.7,6.3,5.5,7.2,5.5,7.2,5.5,5.5,4.7,6.2,5.4,5.9,6.6,6.2,5.7,7.1,6.5,6.1,5.5,7.5,7.1,5.5,6,5.3,4.9,5.6,5.9,6.5,5.5,6.6,5.7,6.1,6.6,6.9,7.2,6.2,7.5,6.3,7.5,6.9,7.5,8.9,6.8,7,6.3,6.5,7.5,9.4,6.4,5.8,6.7,6.3,6.1,6.8
16.4,17.5,15.2,14.7,17,20.6,21.1,15.7,16.1,18.7,17.2,19.2,15.4,9,20.1,15,15.9,14.7,20.1,17,19.5,17.3,13.5,17.3,14.5,17,15.6,15.1,15.7,11.6,13.7,15.3,15.8,16.4,13,14.5,16.1,14,15.1,11.8,16.3,17.4,16.2,16,20.2,14.9,15.7,16.7,19.1,18.3,19,18,18.8,15.9,16.1,15.7,16.9,15.7,14.1,15.4,15.7,14.4,16,11.4,15.6,17.4,15.6,15.5,17.1,15.5,16.4,16.9,16.1,18.1,16.9,15.9,16.6,17.1,13.5,15.9,16.2,16.9,17.1,17.1,16.2,17.6,14.8,15.6,15.3,16,9.6,13.9,15.8,16.4,16.9,17.7,15,16.2,16.5,16,15.4,18.2,18.2,13.3,16.9,13.4,15.5,17.2,16,17,16,15.1,14.7,16.8,14.2,18,18.4,19.7,18.7,18.4,19.6,20.5,19.1,23.6,19.5,19.3,15.4,19.2,19.7,24,17,14.5,16.8,16.3,16,17.2
8.8,9.3,11.8,8.3,8.1,9.8,10.1,9.5,9.2,9.7,8.6,10.4,10.3,7,9.7,7.2,8.5,8.2,9.5,9.4,8.8,8.2,8,10.9,7.8,9.1,9.1,10,9.3,10.7,7.3,8,8.8,9,6.9,8.4,10.5,7.6,7.2,6.5,8.4,8.9,8.4,10.1,9.1,9.3,8.8,8.6,9,10.3,9.2,7.9,9.2,8.5,8.7,8.8,7.8,9.7,9.6,9.2,9.3,10,8.7,13.7,9.7,9.5,8.2,8.1,8.7,8.5,9.8,8.2,8.5,9.1,8.2,8.1,8.2,8.8,8,9.3,8.3,7.3,9.7,8.4,9.1,10,9.2,8.1,9.9,8.8,9,7.6,9,10.8,9.1,9.1,8.7,9.8,9.3,9.2,8.6,9,8.8,7.8,8.2,8.8,8,8.9,9.8,9,8,9.9,10.7,8.9,9.8,9.2,10.4,8.2,9.6,9.2,11.3,8.2,9.3,11,8.2,9.4,9.2,7.9,9.6,16.9,8.4,8.1,8.9,7.7,9.3,9.6
14.5,14.6,12.8,16.7,12.8,15.4,15.6,16.2,14.4,14,15.7,15.3,16.5,23.5,14,14.9,16.2,12.5,14.2,13.4,16.4,15.7,23.3,16.1,14.8,11.4,13.2,13.4,14.5,23.3,11.3,13.4,16.6,15.3,10.8,14.3,16.9,12,10.8,12.2,13,14.7,16.8,17,13.3,15.1,16.3,12.7,11.8,11.1,11.9,13.7,14.1,14.8,14.1,13.8,12.7,14.6,19.1,12.7,12.3,15.6,11,23.4,13.1,15.7,13.4,13.3,14.2,17,16.7,15.7,12.9,15.5,14.9,11.6,13.9,13.8,21.1,13.6,10.8,11,13.3,12.9,14.7,16.1,14.3,18.4,14.1,11.7,22.4,16.1,11.9,13.8,17,14.7,14.2,18.3,15.3,13.6,13.2,15.6,14.7,18.8,15.8,15.4,11,11.6,13.1,13,12.5,19.1,15.3,13.9,20.2,14.8,15.9,12.8,16.5,14.8,15,12.1,16.1,13.5,12.7,14.9,20.1,13.9,16.5,14.3,13.3,18.4,15.6,14.8,15,16.3
12.8,13,11.4,15.1,13.5,12.8,12.8,13.7,13,12.8,13.4,13,13.4,15.8,13,14.4,14.4,12.7,13.1,12.5,14.7,14.3,16,12.7,13.8,12.4,12.3,11.7,12.4,15,10.4,13.4,12.6,13.6,10.3,13.7,14.3,11.5,12.3,11,11.9,14.1,14.3,14.2,14.4,12.9,13.5,13,13.6,12.5,13.5,14,12.4,12.5,13.5,12.2,13.8,13.4,12.6,12.4,12,13.1,11.4,12.9,12.1,12.7,12,12.5,11.7,13.7,12.5,12.7,11.9,13.4,13.8,13.2,12.7,14,15.8,13.8,11.5,10,12.8,13.7,12.9,12.6,11.2,14,11.5,12,14.3,13.7,11.7,12.3,14.6,14.9,11.5,13.4,11.8,11.5,11.9,12.9,12.9,16.5,14.8,11.8,11.8,12.4,12.1,11.3,12.5,12.6,12.4,12.7,13.8,12.5,13.5,15.9,13.8,15.4,12.4,15.3,14.3,12.6,13.8,13.7,16,16.4,14.7,12.8,14.5,15,13.4,14.3,12.6,12.8
12.2,12.5,10.9,13.3,14.1,11,11.2,13.3,14,12.5,12.5,12.2,12.4,13,12.3,13.8,13.8,12.8,11.7,13.1,12.3,13.1,11.6,11.8,13,14.6,13.4,13.4,13.3,10.8,12.5,14.1,12.5,13.3,11.7,14.7,13,12.8,13.3,13.4,12,14.3,13.1,13.8,14.7,11.9,12.5,13.5,13.9,14.1,15,13,11.4,12.3,13.5,12.8,13.9,13.9,11.6,14.1,13.8,13.4,14.5,11,14.2,12,14,14,13,12.2,11.1,11.9,12.5,11.7,13.3,14.5,13.3,14,12.2,13.7,14.9,11.6,13.1,14.2,12.1,12.5,12.7,11.7,12.7,13.9,12.2,13.5,14.8,13.2,13.5,14.3,12.4,11.9,12,12.2,13,11.3,11.9,13.1,13.3,12,14.3,13.9,12.7,12.1,13.6,11.4,12.8,13.1,11.7,12.4,11.9,15,12.4,14.5,11.5,14.1,12.5,11,13.5,13,12.8,13.5,11.1,8.3,14.3,13.1,12.4,13.6,11.7,11.6
13.2,11.6,12.4,12.2,13.2,10.5,10.5,12,12.7,11.5,12.2,11.3,11.8,11.5,11.2,12.9,11.8,14.5,11.2,13.2,10.9,12.2,9.9,11.7,14.4,14.1,13.9,14,13.5,10,16.4,13.4,12.8,12,14,12.5,11.2,13.3,13.5,16,12.2,12.2,11.8,11.3,11.6,11.9,12.3,14,12.5,13.7,12.6,12.5,12.7,13.5,13.3,13.7,13.1,13,12.7,14.1,14.3,12.9,15,10.4,14.3,12.3,14.3,14.3,13.3,12.6,12.2,13,14.1,11.6,11.8,14.2,13.6,12.3,10.7,13.1,15.7,13.4,12.7,13,13,11.2,14.4,11.2,13.8,14.3,11.3,13.2,14.5,12.5,11,11.4,14.3,11.4,13.3,13.5,14.6,11.9,12.1,11.5,11.5,14.4,15.9,14.1,14,12.9,14.1,11.7,13,12.7,11.6,12.5,10.6,11.2,10.9,11.3,10.4,11.9,10.7,8.3,12.2,11.5,10.5,10.4,10,6.7,12.8,11.9,12.5,13.5,13,12.1
9.4,8.8,11.3,8.2,9.2,7.1,6.6,7.8,8.4,8.2,8.3,7.1,8.1,8.7,7.5,9.1,7.5,12,7.8,8.9,6.5,8.3,7.2,8,10.1,8.7,9.5,9.7,9.1,7,12.8,9.3,8.6,8.5,15.7,8.7,7.2,11.6,12.5,13.3,11.5,7.8,8,6.9,6.5,9.6,8.3,9.2,8.4,8.5,7.9,8.8,8.6,9.5,8.7,9.6,8.8,8.3,8.3,9.8,9.8,8.6,10.8,7,9.2,8.1,9.7,9.9,9,8.2,8.4,8.7,10.2,7.9,9,9.3,9.1,7.7,6.7,8.6,10.1,12,8.2,8.1,9.8,7.1,10,7.9,9.8,9.8,9,8.8,9.5,8.9,7,7.3,10.1,7.3,8.8,10.1,10.4,8.1,8.6,8.4,8.2,10.5,10.6,9.5,9.1,9.8,9.7,7.8,8.5,9.4,7.4,8.4,7.3,7,6.6,6.5,7,7.4,6.6,6.2,8.3,6.9,6.4,7.6,6.7,4.6,8.2,7.9,8.5,8.5,9.8,7.9
6.5,6.4,8.5,5.6,6.5,5.1,4.3,5.8,6.4,6.2,5.8,4.5,5.9,7,5.2,7,6,7.6,5.3,6.6,3.9,4.8,4.5,4.8,6.4,7.2,7.6,7.7,6.4,5.2,10.9,7.3,5.4,5.8,12.9,7.5,4.7,12.3,10.1,11.5,8.8,4.5,4.5,4.7,3.6,8.1,6.3,6.3,5.3,5.8,5.1,5.7,5.9,6.7,6,7.6,6.7,4.9,5.6,7,7.2,6.6,7.2,5,6.4,5.6,7.3,6.9,6.4,5.8,6.1,6.3,7.9,5.2,5.7,7.8,6.5,5.8,5.1,6.4,7.5,10.7,6.3,6.3,6.6,5.7,8,6,7.4,8,7.5,6.8,7.4,6.2,4.2,4.3,8.1,4.7,6.5,7.9,7.6,5.5,5.8,5,5.2,8.4,8,6.8,7.2,8.4,8,5.8,6.8,6.3,4.8,5.2,4.9,4,4.2,3.6,5.3,3.7,3.9,4.9,4.9,4.4,3.5,4.5,4.2,3.1,5.3,5.3,5.3,5,6.4,5.7
38.2,36.6,39,37.6,40,32.5,32,36.7,38.3,35.8,36.4,33.6,36.1,38.3,34.5,39.9,37.2,42.4,34.5,38.4,34,36.9,34.6,34.3,40.3,40.8,40.3,40.5,38.4,33.9,47.2,40.4,36.3,37.1,48.8,40.1,35.3,44.9,44.5,48.5,40.2,36.7,35.9,35.6,35.5,38.1,37,39.5,37.7,38.5,38.1,37.8,35.7,38.6,38.2,39.5,39.2,37.4,35.5,40.9,41.1,38.4,43,32.9,40,35.5,40.7,40.8,38.1,36.5,35.1,36.7,40.4,34.8,37.6,42,38.8,37.8,35.3,38.7,43.6,42.7,37.4,38.8,37.8,34.4,40.3,35.4,39.2,41.7,37.6,39.2,41.8,37,35.2,36.4,40.4,34.1,36.6,39.2,41,34.8,35.9,37.6,36.9,40.5,44,40.6,39,38.7,41.2,34.5,37.4,38.4,34.5,36,33.8,37.2,33.5,35.8,32.5,36.6,33.7,29.5,37.5,34.6,34.5,36.5,32.9,24.9,38,36.8,36.4,37.8,37.8,35.1
62.2,65.9,61.2,66.3,72.1,71.3,73.9,66.2,70.7,72,66.1,76.2,67.3,49.2,75.2,70.2,71.6,63,73.2,71.4,70.2,65.3,46.8,67.5,63.6,68.7,64.2,61.9,63.7,42.3,62.3,63.3,62.6,63.5,64,69.5,65.2,61.1,64.3,54.6,69,67.7,57.7,55.2,75.1,69.9,59.6,70.6,74.4,72.5,75.7,67.6,62.5,59.9,68.5,65.1,69.9,65.3,49.7,65.7,67.2,62.9,69.3,48.7,65.4,66.8,65.4,63,59.4,57.4,56.8,59,64.1,61.1,62.7,71.6,65,65.4,60.2,72.8,69.2,65.7,73.9,71.7,59,63.7,59,61,59.9,76.2,42.5,68.5,72.5,63.7,61.5,66.6,54.5,58,58.3,58.6,59.7,61.5,63.2,53.2,66.2,55.8,71.4,71.9,67,69.2,69.5,53.6,58.5,64.9,56.4,60.7,63.9,73.4,64.2,71.3,70.4,81.1,68.9,80.1,72.6,69.6,57.8,73.2,69.4,82,71.8,59.7,67.9,70.5,62.7,56.8
42.1,47.7,43.4,50.7,54.6,46.3,49.9,44.5,53.9,53.6,46.3,52.9,49.7,37.9,51,56.2,57.1,47.9,50.5,54.8,50.6,49.7,34.8,52.5,49.9,52.7,44.9,42.5,46.4,25.4,48,43.1,39.9,44.7,50.6,44.1,45.7,45.6,48.9,39.4,48.7,50.7,36.5,37.5,56.1,52.4,40.3,58,56.3,58.1,59.6,56.1,45.8,40.7,53.1,45.2,55.3,41.3,26.1,46.7,48.1,50.1,52.9,29.9,49.7,50.6,48,49.7,35.5,44.6,40.6,39.8,46.7,45.1,41.9,56.3,42.7,39.7,41,55.5,56.3,53.2,49.4,50.2,39.3,26.7,42.2,38.2,42.3,60.3,28.5,46.7,56.3,43.2,43.3,52.3,34.9,38.9,38.9,37.7,42.4,42.4,45.3,40.4,53.3,41.7,57.1,59.6,48.1,56.4,56.4,27.5,37.4,49.6,38.4,37,44,61.2,43.4,58.3,45.9,65.9,46.6,52.1,58.3,49.5,43.4,58.4,54.5,70.2,58.3,47.4,52.9,54.1,47.3,34.5
15.5,12.3,12.2,10.5,12.3,17.9,16.2,14.8,11.7,12.5,14.2,16.1,12.1,7.3,16.7,9.7,9.7,9.6,15.6,11.2,12.8,10.9,8.5,10.1,8.6,11.6,14.2,14.6,12.1,13.3,10.2,14.7,16.9,13.5,9.2,18.6,13.7,11.1,11.5,11.4,14.3,13.2,16.5,13.5,14.2,12.6,14.4,8.9,12.6,10.2,11.3,8.5,11.5,13.9,11.9,14.6,10.5,18.1,19.3,14.3,13.7,9.2,11.4,14.4,11.4,10.9,12.8,9.7,18.3,8.9,12.1,15,13.3,11,13.4,11,16.5,19.6,12.9,12.5,8.8,8.7,17.9,15.2,13.8,29.1,12.4,17.5,13.3,11.6,10.9,15.9,11.4,15.7,13.6,11,14.8,14.2,14.4,15.9,12.5,13.9,13.1,8.9,8.9,10.1,10.1,8.9,13.8,9.2,9.3,20.5,15.6,11.4,13.7,19,14.7,8.7,15,9.2,18.5,11.3,16.2,23.3,10.3,14.5,9.9,10.6,10,7.8,9.3,8.3,10.5,10.8,10.7,16.3
37.8,34.1,38.8,33.7,27.9,28.7,26.1,33.8,29.3,28,33.9,23.8,32.7,50.8,24.8,29.8,28.4,37,26.8,28.6,29.8,34.7,53.2,32.5,36.4,31.3,35.8,38.1,36.3,57.7,37.7,36.7,37.4,36.5,36,30.5,34.8,38.9,35.7,45.4,31,32.3,42.3,44.8,24.9,30.1,40.4,29.4,25.6,27.5,24.3,32.4,37.5,40.1,31.5,34.9,30.1,34.7,50.3,34.3,32.8,37.1,30.7,51.3,34.6,33.2,34.6,37,40.6,42.6,43.2,41,35.9,38.9,37.3,28.4,35,34.6,39.8,27.2,30.8,34.3,26.1,28.3,41,36.3,41,39,40.1,23.8,57.5,31.5,27.5,36.3,38.5,33.4,45.5,42,41.7,41.4,40.3,38.5,36.8,46.8,33.8,44.2,28.6,28.1,33,30.8,30.5,46.4,41.5,35.1,43.6,39.3,36.1,26.6,35.8,28.7,29.6,18.9,31.1,19.9,27.4,30.4,42.2,26.8,30.6,18,28.2,40.3,32.1,29.5,37.3,43.2
2.51,2.75,2.51,2.84,2.88,3.16,3.17,2.99,3.02,3.31,2.79,3.33,2.87,2.38,3.17,2.93,2.95,2.62,3.11,3.08,3.02,2.67,2.26,2.67,2.45,2.68,2.5,2.47,2.63,2.31,2.61,2.78,2.53,2.62,2.65,3.03,2.94,2.65,2.59,2.35,2.88,2.64,2.59,2.44,3.1,3.06,2.57,2.65,2.88,2.76,2.95,2.56,2.56,2.42,2.63,2.58,2.83,2.82,2.44,2.55,2.62,2.54,2.67,2.41,2.6,2.63,2.49,2.48,2.52,2.43,2.56,2.38,2.4,2.51,2.73,2.72,2.65,2.68,2.53,2.8,2.6,2.6,2.92,2.87,2.48,2.74,2.28,2.62,2.37,2.99,2.08,2.86,2.93,2.45,2.58,2.62,2.24,2.47,2.32,2.29,2.35,2.57,2.56,2.4,2.62,2.18,2.58,2.63,2.61,2.63,2.58,2.52,2.58,2.61,2.37,2.61,3.04,2.9,2.78,2.85,3.06,3.19,2.91,3.61,2.9,2.85,2.52,3.04,2.98,3.55,2.88,2.45,2.65,2.68,2.42,2.41
3.22,3.36,3.16,3.42,3.36,3.73,3.69,3.69,3.54,3.95,3.43,3.81,3.44,3.07,3.64,3.44,3.41,3.16,3.65,3.62,3.58,3.27,3.19,3.19,3,3.24,3.13,3.15,3.32,3.38,3.32,3.54,3.15,3.26,3.29,3.65,3.58,3.4,3.22,3.14,3.41,3.15,3.41,3.27,3.63,3.67,3.36,3.18,3.33,3.29,3.43,3.14,3.27,3.09,3.15,3.22,3.4,3.46,3.46,3.13,3.2,3.14,3.24,3.19,3.21,3.16,3.11,3.15,3.34,3.12,3.35,3.07,3,3.19,3.44,3.28,3.29,3.37,3.2,3.31,3.18,3.28,3.42,3.41,3.2,3.49,2.95,3.34,3,3.46,3.02,3.42,3.45,3.02,3.27,3.19,3.05,3.18,3,2.93,3.03,3.28,3.22,3.1,3.16,2.89,3.07,3.08,3.25,3.18,3.13,3.45,3.37,3.28,3.03,3.44,3.89,3.4,3.54,3.35,3.74,3.6,3.55,4.15,3.43,3.43,3.18,3.52,3.56,3.86,3.37,3.05,3.18,3.11,2.98,3.18
44.1,47,43.9,49,51.4,43.8,45.2,42.7,49.4,47.8,46.1,46.9,46.8,40.7,46.8,52.5,53.5,46.7,47,48.9,48,50.6,40,51.7,51.4,51.2,46,43.2,45.5,27.9,46.5,43,42.3,46.2,49.1,41.8,42.3,45.4,49,41.3,44.9,50.6,38.8,39.7,51.6,49.8,41.9,56.4,53,54,53.7,56.7,49.2,43.7,51.1,45.8,53.8,41.2,28.2,46.7,47.7,49.3,50.2,32.1,48.1,49.7,49.2,50.8,38.2,47,42.2,44,49,48,43.7,54,43.5,41,44.6,52,54.4,53.2,45.9,46.9,42.6,31.3,45.1,41.8,44,53.3,35.6,47.7,50.4,44.7,44.6,51.3,39.3,42,43.3,41.2,45.4,44.9,47.9,42.8,54,46.3,55.5,56.5,46,54.7,54.7,30.4,37.1,49.1,41.7,38.8,41.6,57.7,44.7,54.6,44.3,59,46,46.7,55,48.1,45.1,53.3,51.3,58.5,55.8,50.1,51.8,53.4,49.4,37.8
6.2,5,6.4,4.6,4.8,5.3,4.9,4.8,5,4.9,5.2,5,4.5,4.4,5.9,5,4.3,5.4,5.7,5.1,4.3,4.2,3.2,4.1,5.1,5.2,5.8,6.4,5.4,3.9,7.9,5.7,5.7,5.3,8.1,5.9,4.2,7.7,8.6,8.9,7.6,4,4.6,4.2,3.5,6.3,5.8,5.2,4.6,4.8,4.3,4.4,5.4,5.9,4.7,6.7,4.3,4.5,6,6.4,5.7,4.7,6,3.6,5.6,4.6,6.3,5.7,6.6,3.8,4.9,5.4,6.3,5,5,6,5.7,5.2,4.3,5.6,5.7,8.1,5.6,6.3,5.8,5.7,6.8,5.5,6.1,5.9,4.5,5.8,5.8,5.4,4.3,4,6.5,4.5,5.6,7,6.3,5.7,5.5,3.9,4.3,6.7,5.9,4.6,6.6,6,5.8,5.9,6.2,6.3,4.6,5.1,5.3,3.8,4.5,3.7,5.5,3.7,4.3,6.1,5.3,4.5,3.3,4.1,3.6,2.5,3.9,3.7,4.3,4.7,5.5,5.2
13.1,12,13.1,7.6,9.7,9.1,8.8,8.2,9.3,9,11.2,9.2,10.3,7.7,9.6,8.2,7,13.3,11.4,9.4,11.5,11.2,12.9,11.8,11.9,9.5,11.1,10.8,10.5,8.1,13.9,13.5,13.4,12,13.7,12.8,11.6,12.2,13.5,17.1,12.1,10.8,11.5,10.3,8.9,8.3,8.7,7.9,9.4,8.9,8.3,9.9,12.5,12.5,10.6,10.7,8.8,10.3,10.8,11.1,10.6,8.4,9.9,7.6,10.3,10.5,10.7,10.6,12.1,10.2,11.1,12.8,10.7,10.8,14,7.7,9.8,8.2,8.3,7,7.8,9.7,9,7.7,13.9,9.4,10,7,10,7.1,8.2,7.4,8.9,11.2,10,9.4,11.6,11.7,10.7,13.8,13.4,13.8,13.1,12.3,10.5,9.5,8.8,7.5,8.8,8.3,8.3,9.5,10.9,11,11.1,10.4,11.5,8.7,9.8,9.2,10.6,7,9.6,8.2,12,11.1,10.5,11.1,10.2,5.3,7.4,9.6,12.1,11.7,13.4,10.1
2.4,1.6,2.1,1.3,1.6,2.7,2.9,2.3,1.7,2.2,2.2,2.3,1.8,1.5,2.1,1.6,1.3,2,2.1,1.3,2.3,1.4,1.5,1.4,1.4,1.4,1.2,1.5,1.4,2,1.8,2.4,2.2,2.3,1.5,3.1,2.4,1.8,1.6,1.8,2.4,1.5,2.1,1.6,1.8,1.2,1.9,0.9,1.8,1.2,1,0.9,1.8,2.3,1.7,2.1,1.5,2.5,3.1,1.9,1.7,1,1.6,2.5,1.7,0.9,0.9,0.8,2.1,1.2,1.4,2,1.6,1.5,1.8,1,2.5,3,3.1,1.6,1.1,1.1,2.5,1.7,1.4,5,1.9,2.8,2.1,1.5,2.1,2.6,1.4,2.9,2.9,1.9,1.9,1.7,1.6,1.9,1.6,2.3,2.2,1.3,0.7,2,1.6,1.6,2.2,1.5,1.1,3.3,1.7,2.3,1.8,3.1,2.8,1.2,2.5,1.3,4.1,2,2.7,3.4,1.5,2,1.6,1.7,1.5,1.1,1.4,1.4,1.3,1.2,1.2,1.6
34.2,34.4,34.5,37.5,32.5,39.2,38.2,42,34.6,36.1,35.3,36.6,36.5,45.7,35.7,32.7,34,32.6,33.8,35.3,33.9,32.6,42.5,30.9,30.1,32.7,35.9,38.1,37.2,58.1,29.8,35.4,36.5,34.2,27.6,36.3,39.5,32.9,27.3,31,33.1,33.1,43,44.1,34.2,34.4,41.6,29.7,31.2,31.2,32.7,28.1,31.1,35.6,31.8,34.7,31.5,41.5,51.9,33.9,34.3,36.5,32.2,54.2,34.2,34.3,32.9,32,41,37.7,40.4,35.9,32.3,34.7,35.5,31.2,38.5,42.6,39.8,33.8,30.9,27.9,37,37.4,36.3,48.6,36.3,42.9,37.8,32.1,49.5,36.6,33.5,35.8,38.2,33.4,40.6,40,38.8,36.2,33.3,33.4,31.3,39.8,30.5,35.5,28.1,29.8,36.4,29.5,30,50.9,44.1,31.4,40.9,42.6,38.9,28.4,38.5,31.1,35.5,28.4,37.3,35.6,26.2,34.3,39.5,29.7,33.4,32.7,31.4,35.2,30.5,29,30.4,45.2
36,37.8,38.1,40.4,35.2,42.3,43.1,45.2,38.1,39.8,39.3,39.7,41,49.1,39.5,35.9,37.3,36.1,36.8,38.8,37.8,36.5,45.9,35.5,33.1,35,39.1,41,40.5,59.5,34.3,38.9,40.8,36.8,30.8,39.7,42.1,36.6,31.3,34.9,36.1,35.1,44.2,46.8,36.1,39.1,44.5,32,34,33.6,35.3,30.8,34.4,39.7,35.5,36.4,33.7,43.1,55.1,37.2,36.8,38.8,35.1,55.9,37.5,37.1,36.3,35.1,44.2,41.2,43.3,39.6,34.8,37.8,39.3,34.2,41.4,44.6,43.3,37,33.6,31.2,39.7,40.6,40.2,50.9,38.8,44.4,40.5,34.7,51.1,39.2,36.9,36.7,40.3,35.7,43.5,42.4,41.4,39.6,36.8,36.5,34.9,43.3,34.7,38.5,31.6,32.8,38.9,31.9,33.4,53.8,47.3,33.7,42.8,44.9,42.2,30.5,41.6,33,38.8,31.2,40.4,39.3,30,37.3,43.3,32.8,36.3,35.1,33.7,39,34.9,32.3,33.9,47.3
32.6,31.1,31.2,34.7,30,36.1,33,38.9,31.2,32.6,31.6,33.5,32,42.1,31.9,29.7,30.6,29.3,30.9,32,29.9,28.8,39.2,26.2,27.2,30.5,32.9,35.5,34.2,56.9,25.6,32.1,32.5,31.8,24.6,33.2,37,29.4,23.5,27.4,30.3,31.2,41.9,41.7,32.5,29.6,38.9,27.5,28.5,28.8,30.2,25.5,27.9,31.8,28.2,33.2,29.4,40,49.1,30.9,32,34.3,29.5,52.7,31.1,31.7,29.7,29.2,38.1,34.3,37.6,32.5,30.1,31.6,31.7,28.5,35.8,40.7,36.3,30.7,28.5,25,34.5,34.4,32.6,46.6,33.9,41.6,35.3,29.7,48.1,34.1,30.2,35,36.3,31.2,38.1,37.7,36.4,33.1,30.1,30.4,27.9,36.4,26.4,32.8,24.7,27,34.2,27.3,26.9,48.3,41,29.2,39.1,40.6,35.6,26.5,35.6,29.2,32.4,25.8,34.4,32.2,22.6,31.5,35.7,26.8,30.5,30.2,29.2,31.4,26.2,25.8,27.1,43.2
7,4.8,4.4,6.7,5,5.3,4.1,6.1,5.9,4.6,6.1,4.9,5.9,9.8,6.6,7.4,6.4,5.8,4,6.3,7.2,7.2,6.6,6.2,7.5,6.8,6.1,5.4,6.5,8.5,8.3,6.7,5.7,6.4,5.4,7.5,6.3,7.8,6,7.1,6,6.4,9.2,6.2,5.6,6.8,7,8,6.2,6.8,6.2,7.6,6.4,6.2,7.5,5.9,6.9,5,7.4,5.8,6.7,7.6,6.9,4,5.9,6.7,7.2,6.9,5.2,7.5,5.9,8,7.6,6.7,5.3,7,6.8,9.4,8.5,7.2,7.2,6.9,7.2,8.6,6.1,6.3,6,7.5,6.1,6.8,7.1,6.7,6.3,5.2,6.8,7.2,5.9,6.6,6.3,5.2,6.7,6.6,6.5,8,7.2,7.1,6.7,7.4,7.3,5.5,7.4,7.2,5.1,6.2,4.9,5.9,5.5,6.9,6.2,6.2,3.5,7.1,6.1,5.9,5.3,5.4,7.3,6.3,6.2,5,6.4,8,6,7.8,6.4,4.2
5.5,4.9,3.8,5.3,4.7,6.3,4.3,4.9,4.5,4.9,5.1,5.2,5,3.2,5.3,5.4,4.7,4.8,4.9,5.7,4.8,5.6,5.9,4.7,5,4.5,4.6,4.3,4.5,5,4.9,4.5,6,4.6,6,4.6,4.4,4.7,5.3,5.7,6.6,4.6,5.1,3.9,5.6,4,4.7,4.8,6.4,3.5,4.2,5.6,4.8,4.6,3.7,4,5.4,5.3,5.8,4.8,4,4.3,4.5,4.9,4.9,6.9,5.5,4.5,5.5,4.4,5.1,5.3,4.7,5.5,4.8,5.1,4.1,5.8,4.2,5,4.2,5.6,6.2,5.8,4,4.9,3.8,6,4.7,4.5,2.8,4.5,5,3.7,5.2,5.4,5,5.2,3.6,4.6,5.1,5.5,5.6,4.9,4.1,4.1,4.9,4.4,4.6,4.5,4.5,4.8,4.3,5.7,6,5.9,5.2,5,5.5,5.5,4.9,5.6,5.4,5.7,5.7,5.6,3.8,6.1,4.7,4.2,4.7,4.9,5.8,4.4,4.5,7.3
41.3,43,38.9,36.3,40.1,42.6,46.2,36.5,35.9,40.8,39.3,40.8,35.8,27.6,43.8,38.3,36.6,39.5,44,38,47.3,41.7,37.7,39.4,40.5,39.9,39.2,36.6,40.1,30.1,40.2,39.8,41.8,40.1,40.2,36.7,36.6,38.3,43.3,39.5,45.7,39.2,40.4,37.1,42.2,39.4,39.2,38.9,41.8,42.2,40.5,41.5,43.1,43.1,42,38.9,39.7,36.5,35,39.6,41.9,33.2,39.2,25.1,36,41.2,39.8,39.3,42.1,38.9,38.9,43.6,40.3,39.5,44.7,39.3,43.3,39.8,39.3,35.9,41.5,43.7,41.2,41.1,39.3,40.6,38.9,40.3,35.9,38.6,32.4,38.2,37.2,35.6,41.5,39.4,39.5,39.1,40.6,40.4,39.2,44.8,44.2,36.6,43.3,37.5,42,42,36.4,47,40.7,37.4,37.6,42.5,38.5,41.2,41.6,41.4,45.2,39,40.3,42.8,43.4,47.2,45.3,43.5,39.3,43.5,41.9,37.6,39.3,38.4,43.7,43.4,41.7,42.2
19.9,21.4,19.6,18.1,22.9,21.6,22.6,19.8,20.6,22.7,21.2,22,19.8,14.8,23.4,19.3,19.8,20.9,21.2,22,22.7,23.1,17.8,18.6,21.4,22.9,22.9,22,21,14.6,21.9,20.9,19.3,20.2,23.9,19.8,18.3,21.7,20.9,21.6,22.8,22.9,18.8,20.8,23,17.9,21.1,21.2,24.9,23.9,25.5,22.6,21.4,20.7,18.3,20.3,21,19.2,15.4,21.4,22.1,19,21.8,13.7,22.3,21,23.3,23.4,23,18.4,18.4,20.1,21.9,20.7,23.2,22.3,18.5,20.1,17.6,19.2,23.9,21.6,22.2,20.8,19.9,21,20.6,19.5,20.5,21.2,14.8,19.6,22.5,18.7,20.8,21.1,22.2,18.4,20.2,21.7,21.4,19.5,21.1,17.5,21.3,19,25.4,21.7,20.8,20.8,22.2,17.9,19.9,21.2,16.7,21.8,20.5,23.1,21.7,20.7,20.5,22.1,21.4,23.6,22.7,22.4,18.6,23.8,20.8,19.1,21.5,18.2,20.5,20.8,19.4,20
26.3,25.9,33.3,33.7,27.3,24.1,22.8,32.7,33.1,27.1,28.2,27.2,33.5,44.7,20.8,29.7,32.4,29,25.9,28,17.9,22.3,32,31.2,25.7,25.9,27.2,31.6,27.9,41.8,24.8,28,27.3,28.8,24.4,31.4,34.4,27.4,24.5,26.1,18.9,26.8,26.5,32,23.5,32,28,27.1,20.7,23.7,23.5,22.7,24.3,25.4,28.6,30.9,26.9,34.1,36.3,28.4,25.4,35.9,27.5,52.3,30.9,24.2,24.3,25.9,24.3,30.8,31.8,23,25.5,27.6,22.1,26.2,27.2,24.9,30.4,32.7,23.1,22.2,23.2,23.7,30.7,27.1,30.8,26.7,32.9,29,42.9,31,28.9,36.8,25.7,26.8,27.4,30.7,29.3,28.1,27.7,23.6,22.5,33,24.1,32.2,21,24.5,30.8,22.2,25.2,32.7,33.1,24.4,33.9,25.2,27.2,23.7,21.4,28.6,30.7,22.4,23.8,17.7,20.9,23.1,31,20.4,26.4,34,28.1,30.5,24,23.6,27.9,26.3
9.5,11.9,11.7,10.5,9.7,23.3,26.2,20.6,13.9,16.6,11.7,19.9,12.7,10.4,19.8,9.7,10.8,11.2,19.8,14.7,15.6,7.5,11.7,6.9,5.6,9.9,9.9,9.6,8.1,7.9,8,10.8,10.1,11.2,10.4,17.5,11.1,11.4,10.6,8,14.9,6.7,10,6.4,13.2,8.2,12.4,6.6,15.3,9.3,9.1,4,10.5,9.7,7.7,8.2,9,12.8,14.1,14.3,11.1,6.1,7.2,14.4,8.5,8.1,10.5,5.9,13.2,6.2,9.4,8.1,6.4,9.7,14.1,7.4,12,12.6,15,10,5.7,7.7,15.7,12.3,11,26.7,8.5,16.6,9.5,8.7,12.3,17.5,9.1,10.6,9.9,6.3,10.1,8.3,8.7,9.5,8,12.1,10.2,8.2,8.4,5,5.5,5.7,6.9,15.1,5.8,14.1,13.2,11.3,10.6,11.9,16.3,6.1,20.3,6.4,22,9.1,18.7,33.7,13,14,10.7,7,8.6,5.6,7.1,6.2,8.7,7.8,6.6,11.5
26.6,22.3,23.3,18.1,17.3,22.6,26.8,20.6,17.2,29.3,22,26.7,18.5,12.2,30.8,14.4,13.7,18.2,31,20.3,28.9,21.8,15.2,19.5,19.6,20.6,26.7,31.6,33.2,16.6,28.2,27.2,28.5,27.8,30.9,26.9,24.5,24.4,33,28.9,34.9,18.6,20.9,18.4,22.4,25.7,23.5,18.2,23.1,20.9,26.7,14.2,25.6,25.7,23.2,24.4,13.1,24.9,29.3,32,24.7,18.4,26.3,19.5,27.2,24.1,28.5,18.7,29.8,16.4,20.3,27.7,20.7,20.6,28.1,22.4,28.6,28.4,22.6,24.5,22.4,34.2,34.2,26.9,23.1,27.7,26.8,25.8,22.8,22.9,13.1,26.9,27.4,22.5,16.6,14.5,26.6,24.3,25.7,28.3,27.8,24.9,25.8,16.8,17,26.5,28.7,20.2,29.8,34,23.9,33.1,32.2,24.2,22.5,28.5,25.9,15.7,23.2,17.7,23,19,23.4,24,21.3,24.3,16.1,19.2,22.7,16.8,13.2,15.1,25.8,23.4,22.4,28.7
30.4,32.6,33.5,23.2,29.3,32.3,30.8,26.2,27.9,31.8,34.9,31.9,30.5,17.5,31.4,23.3,21.8,34.5,32.7,32.6,29.8,28,21.8,34.8,29,21.1,24.9,23.7,23.3,15.1,32.7,29.6,30.8,27.1,29.4,24.2,28.7,27.3,31.2,31.1,30.5,25.7,23.3,21.1,28,30.9,24.9,24.5,28.3,23.9,30.1,26.1,32.1,30.2,27.8,26.1,19.4,27.9,23.4,26.5,24.1,17.7,26.9,18.3,26.6,31.3,36.1,28,31.9,26.5,27.3,32.4,28.9,29.5,33.2,21,27.7,22.1,16.7,21,24.3,27.8,20.5,22.8,30.7,25,29.1,18.7,27.9,22.1,13.3,22.1,26.5,30.2,28,24.7,29.4,26.8,27.1,33.2,29.8,30.6,32.5,29.2,29.7,26.1,24,20,24.7,22.4,21.6,21.9,26,28.1,24.6,28.1,30.7,25.8,24.7,29.3,31.4,25,26.3,23.7,29.6,29.6,21.3,30.5,32.8,35.9,17.9,25.5,37.1,36,39.7,29
21,21,18.5,27.5,26.7,14.4,10.4,21.3,26.4,14.2,20.8,13.9,23.1,36.1,12.4,30.2,28.4,22,11.4,20.3,16.9,27,31.2,23.2,28.8,26.8,21.7,18.4,20.9,25.9,19.6,19.8,19.4,21.6,18.4,19.9,23.4,22.7,16.5,20.8,12.9,31,26.6,31.8,23.1,23.1,23,30.7,20.6,26.5,21.8,34.4,19.6,20.4,24.5,23,26.8,19.3,16.6,17.7,23.7,28.4,24.5,26,22.9,24.2,16.2,27.2,15.1,32.3,26.1,20.1,24.8,25.8,16.1,30.9,19.3,21.2,27.9,26.6,29.7,20.5,19.9,22.6,18.9,13.4,20,23.3,21.7,25.2,32.1,21,20,23.6,30,34.1,19.9,25.3,23.2,17.1,21.4,20.4,21,27.1,28,24.7,24.7,31.8,22.1,17.9,27.5,17.7,17,23.3,25.9,18.9,17,32.9,20,31.5,15.5,28.3,19.9,13.2,25.1,21.4,32.3,28.2,22.5,28.6,30.8,31.7,18.3,22.1,20.1,19
12.5,12.2,13.1,20.8,16.9,7.4,5.8,11.2,14.7,8.1,10.6,7.5,15.3,23.7,5.5,22.3,25.4,14.2,5.2,12.1,8.8,15.7,20.1,15.6,17,21.6,16.8,16.6,14.6,34.5,11.5,12.6,11.1,12.4,10.9,11.6,12.4,14.2,8.7,11.2,6.8,18,19.3,22.3,13.3,12.1,16.3,19.9,12.7,19.4,12.2,21.3,12.2,14,16.8,18.4,31.8,15,16.6,9.6,16.5,29.4,15.2,21.7,14.8,12.3,8.7,20.3,10,18.7,16.9,11.6,19.1,14.4,8.5,18.3,12.3,15.8,17.7,17.9,17.9,9.8,9.7,15.4,16.4,7.3,15.7,15.6,18.1,21.1,29.2,12.4,16.9,13,15.5,20.4,13.9,15.3,15.3,11.9,13,11.9,10.5,18.7,17,17.8,17.1,22.2,16.5,10.6,21.2,13.2,11.6,13.1,16.4,12.6,10.1,19.5,11.7,15.1,8.1,18.6,11.7,5.5,10.9,10.8,19.6,15.1,13.4,13.2,31.1,21.5,10.1,10.6,11.2,11.7
6.7,7.7,10.3,3.5,5,5,5.8,3.2,4.3,6.2,6.8,5.7,8.2,3.2,5.7,4.1,3.2,6.1,5.2,6.1,7.2,7.7,5,15.9,7.8,4.2,5.4,5.7,7.2,4.1,12.8,4.6,11.1,8.3,9.8,2.3,6.1,6.6,11.5,10.1,8.9,7,6.3,4.8,6.2,10.1,3.6,4.2,5.6,6.4,5.4,5.7,8.4,7.2,11.7,6.3,5.3,7.5,6.4,5.9,4.8,4.2,6.8,2.9,6.7,5.9,6.4,5.3,5.7,5.2,5.4,7.6,6.7,6.8,8.5,3.4,5.8,2.8,2.3,3.6,4.5,7.2,3,3.4,9.1,2.3,6.9,1.8,5.4,3.8,2.5,1.9,4.7,7.3,5.9,6.1,6.2,6.1,6,9.7,7.7,8.6,7.5,5.2,7,7,6.5,6.1,5.9,6.8,5.8,5,4.9,7.2,5.1,7,9.4,5.7,4.7,6.9,7.9,4.1,4.4,3,8.1,7.7,5.3,8,4.7,3.4,8.4,5.6,12.4,8.2,11,5.1
96.3881,85.035,86.7486,67.86,74.5608,78.6048,79.9439,65.9591,70.3478,78.637,78.0815,78.6139,76.3704,66.5631,76.027,64.6912,60.9681,83.0966,81.1036,78.7642,84.1895,85.2609,85.7715,92.8606,93.5188,78.3719,84.2699,87.3817,88.503,86.0709,91.8061,65.6279,87.9211,81.5214,82.2651,45.9292,77.8199,73.8691,89.6616,88.2106,90.9193,85.6778,82.6911,86.8074,73.6084,80.1815,79.0611,80.5256,83.7551,80.5965,87.2086,91.327,90.8971,91.8934,91.163,87.7727,68.4393,76.363,92.0741,86.5798,81.6417,78.2322,90.1064,70.3348,87.0193,91.5748,88.5857,86.6055,90.5609,85.6783,84.6162,93.9854,92.3024,90.0279,77.7509,68.6338,88.9563,71.2769,57.1627,66.2907,87.1288,92.2987,67.4026,70.0964,89.9047,65.5816,92.1735,64.4417,91.1622,76.9119,70.7771,52.3546,84.3715,89.9014,84.7859,87.2856,92.5631,88.1259,93.6381,95.134,94.754,89.309,91.3491,85.7006,81.3373,94.1335,90.0595,89.6482,89.2611,94.2926,88.6312,85.2787,81.9436,90.9699,86.1209,93.3727,86.2775,77.7774,74.6629,84.7212,75.3987,71.0778,73.8014,72.4275,85.7542,83.8929,82.3268,87.0264,86.4731,92.964,68.9267,76.5317,88.7579,83.4685,94.469,90.6276
47.3,49.6,49.8,49.8,49.9,49.4,51.3,50.1,50.1,50.3,49.1,50.1,51.5,52.4,49.9,50.9,51.1,48.2,50,49.6,50.3,49.8,50.1,51.2,49.9,48.9,48.8,48.2,48.6,48,49.1,50.1,48.5,48.8,48.4,50.2,49.5,49,49,48.2,49.2,48.5,47.2,48.1,48.6,52.5,48.4,49.5,50.1,50.1,49.6,49.1,49.4,48,50.1,47.3,49.3,47.4,46.6,48.5,48.8,49.1,49.2,48.6,49.6,49.3,48.7,49,48,49.8,48.7,48.3,47.1,49,50.7,48.9,47.7,48.2,50.7,49.8,48.3,48.3,48.8,49,49.1,47.7,48.6,48.2,48.2,48.9,47.9,49.4,49.4,47.2,47.5,48.5,47.7,48.6,48,48.5,48.6,48.7,48.6,49.7,49.6,48.1,49.4,49.2,47.8,49,48.9,47.4,48.3,48.3,47.9,47.3,49.8,48.8,48.8,49.3,51.5,49.8,49.3,50.6,49.8,48.8,50.3,49.2,50.1,50.8,50.7,50.4,50.6,50.7,49.2,48
52.7,50.4,50.2,50.2,50.1,50.6,48.7,49.9,49.9,49.7,50.9,49.9,48.5,47.6,50.1,49.1,48.9,51.8,50,50.4,49.7,50.2,49.9,48.8,50.1,51.1,51.2,51.8,51.4,52,50.9,49.9,51.5,51.2,51.6,49.8,50.5,51,51,51.8,50.8,51.5,52.8,51.9,51.4,47.5,51.6,50.5,49.9,49.9,50.4,50.9,50.6,52,49.9,52.7,50.7,52.6,53.4,51.5,51.2,50.9,50.8,51.4,50.4,50.7,51.3,51,52,50.2,51.3,51.7,52.9,51,49.3,51.1,52.3,51.8,49.3,50.2,51.7,51.7,51.2,51,50.9,52.3,51.4,51.8,51.8,51.1,52.1,50.6,50.6,52.8,52.5,51.5,52.3,51.4,52,51.5,51.4,51.3,51.4,50.3,50.4,51.9,50.6,50.8,52.2,51,51.1,52.6,51.7,51.7,52.1,52.7,50.2,51.2,51.2,50.7,48.5,50.2,50.7,49.4,50.2,51.2,49.7,50.8,49.9,49.2,49.3,49.6,49.4,49.3,50.8,52
3.61186,14.965,13.2514,32.14,25.4392,21.3952,20.0561,34.0409,29.6522,21.363,21.9185,21.3861,23.6296,33.4369,23.973,35.3088,39.0319,16.9034,18.8964,21.2358,15.8105,14.7391,14.2285,7.1394,6.48119,21.6281,15.7301,12.6183,11.497,13.9291,8.19386,34.3721,12.0789,18.4786,17.7349,54.0708,22.1801,26.1309,10.3384,11.7894,9.08068,14.3222,17.3089,13.1926,26.3916,19.8185,20.9389,19.4744,16.2449,19.4035,12.7914,8.67301,9.10287,8.10663,8.83702,12.2273,31.5607,23.637,7.92587,13.4202,18.3583,21.7678,9.89362,29.6652,12.9807,8.42523,11.4143,13.3945,9.43912,14.3217,15.3838,6.01465,7.69762,9.97213,22.2491,31.3662,11.0437,28.7231,42.8373,33.7093,12.8712,7.70131,32.5974,29.9036,10.0953,34.4184,7.82652,35.5583,8.83775,23.0881,29.2229,47.6454,15.6285,10.0986,15.2141,12.7144,7.43687,11.8741,6.36195,4.86596,5.246,10.691,8.6509,14.2994,18.6627,5.86654,9.94054,10.3518,10.7389,5.70741,11.3688,14.7213,18.0564,9.03011,13.8791,6.62731,13.7225,22.2226,25.3371,15.2788,24.6013,28.9222,26.1986,27.5725,14.2458,16.1071,17.6732,12.9736,13.5269,7.03601,31.0733,23.4683,11.2421,16.5315,5.53095,9.37238
49.7,48.6,44.6,48,46.2,51.7,51.1,47.7,47.6,48,47.8,48.6,46.6,48.4,49.3,47.3,50,51.6,47.6,48.9,51.3,48.3,50,42.2,47.9,48.1,48,47.5,47.5,44.8,41.6,46,47.9,49.4,52,47.1,47.6,46.9,44.5,46.3,47.1,48.5,47.2,50.7,49.3,41.5,49.4,47.8,48.7,49.6,49.9,50.9,51.1,51.6,44,48.5,46.3,50.5,50.6,48.2,46.2,48.4,45,47.8,47.8,48.9,48.7,48.7,49.8,47.7,49.7,48,51,52.1,46.8,47.8,49.6,48,48.4,48.5,51.3,48,48.8,48.4,49.4,45.9,45.4,45.8,48.2,48,45.9,47.5,48.6,49.1,51.7,49.5,47.1,50.6,52.6,45.2,48.6,51.4,50.4,49,49.2,51.3,45.4,50.7,51.3,47.1,47,47.2,50.3,53,50.3,51.8,46.8,50.8,51.1,49.1,42.7,47.2,50.9,45.2,49.7,49.3,51.7,49.5,49.9,47,47,49.6,43.7,47,50,52.3
50.3,51.4,55.4,52,53.8,48.3,48.9,52.3,52.4,52,52.2,51.4,53.4,51.6,50.7,52.7,50,48.4,52.4,51.1,48.7,51.7,50,57.8,52.1,51.9,52,52.5,52.5,55.2,58.4,54,52.1,50.6,48,52.9,52.4,53.1,55.5,53.7,52.9,51.5,52.8,49.3,50.7,58.5,50.6,52.2,51.3,50.4,50.1,49.1,48.9,48.4,56,51.5,53.7,49.5,49.4,51.8,53.8,51.6,55,52.2,52.2,51.1,51.3,51.3,50.2,52.3,50.3,52,49,47.9,53.2,52.2,50.4,52,51.6,51.5,48.7,52,51.2,51.6,50.6,54.1,54.6,54.2,51.8,52,54.1,52.5,51.4,50.9,48.3,50.5,52.9,49.4,47.4,54.8,51.4,48.6,49.6,51,50.8,48.7,54.6,49.3,48.7,52.9,53,52.8,49.7,47,49.7,48.2,53.2,49.2,48.9,50.9,57.3,52.8,49.1,54.8,50.3,50.7,48.3,50.5,50.1,53,53,50.4,56.3,53,50,47.7
0.376433,0.426286,0.500167,0.563576,0.562883,0.428476,0.358731,0.527254,0.562456,0.55439,0.575255,0.496563,0.554837,0.628776,0.484019,0.58123,0.534472,0.419314,0.492093,0.50482,0.401352,0.443537,0.427795,0.523202,0.562862,0.489891,0.587223,0.523171,0.484271,0.45264,0.672937,0.612412,0.530657,0.492967,0.511802,0.583776,0.536097,0.533931,0.585796,0.595851,0.501866,0.524926,0.431868,0.436468,0.453144,0.617534,0.520231,0.568794,0.432711,0.50892,0.568612,0.47617,0.413064,0.455982,0.572391,0.603584,0.553164,0.476227,0.429879,0.661409,0.550273,0.499155,0.588643,0.485679,0.533496,0.419403,0.692583,0.524083,0.540489,0.499651,0.559597,0.409416,0.536323,0.378684,0.517469,0.64601,0.601071,0.570369,0.472718,0.603806,0.669413,0.693212,0.572215,0.534809,0.460995,0.494667,0.568698,0.619717,0.558734,0.672168,0.511434,0.582564,0.585373,0.410387,0.343033,0.466525,0.629713,0.49023,0.529207,0.500058,0.605614,0.328235,0.362424,0.502877,0.445323,0.511772,0.659097,0.454673,0.601355,0.549947,0.581304,0.514187,0.595565,0.305961,0.407074,0.339187,0.41221,0.430801,0.300535,0.449476,0.490908,0.532774,0.367836,0.258166,0.342484,0.426693,0.355091,0.452043,0.396075,0.446881,0.583042,0.482077,0.580294,0.51531,0.596016,0.430791
0.623567,0.573714,0.499833,0.436424,0.437117,0.571524,0.641269,0.472746,0.437544,0.44561,0.424745,0.503437,0.445163,0.371224,0.515981,0.41877,0.465528,0.580686,0.507907,0.49518,0.598648,0.556463,0.572205,0.476798,0.437138,0.510109,0.412777,0.476829,0.515729,0.54736,0.327063,0.387588,0.469343,0.507033,0.488198,0.416224,0.463903,0.466069,0.414204,0.404149,0.498134,0.475074,0.568132,0.563532,0.546856,0.382466,0.479769,0.431206,0.567289,0.49108,0.431388,0.52383,0.586936,0.544018,0.427609,0.396416,0.446836,0.523773,0.570121,0.338591,0.449727,0.500845,0.411357,0.514321,0.466504,0.580597,0.307417,0.475917,0.459511,0.500349,0.440403,0.590584,0.463677,0.621316,0.482531,0.35399,0.398929,0.429631,0.527282,0.396194,0.330587,0.306788,0.427785,0.465191,0.539005,0.505333,0.431302,0.380283,0.441266,0.327832,0.488566,0.417436,0.414627,0.589613,0.656967,0.533475,0.370287,0.50977,0.470793,0.499942,0.394386,0.671765,0.637576,0.497123,0.554677,0.488228,0.340903,0.545327,0.398645,0.450053,0.418696,0.485813,0.404435,0.694039,0.592926,0.660813,0.58779,0.569199,0.699465,0.550524,0.509092,0.467226,0.632164,0.741834,0.657516,0.573307,0.644909,0.547957,0.603925,0.553119,0.416958,0.517923,0.419706,0.48469,0.403984,0.569209
32,21.2,21.3,24.7,19.6,17.2,15.6,14.8,17,11.4,21.6,11.5,19.4,22.4,18.5,19.4,26.9,11.8,13.8,12.2,19.4,25.4,22.8,24.5,21.6,27.2,22.7,23.3,25.3,32.8,20.6,24.4,34,33.6,27.5,25.6,32,26.8,20.7,20.9,19.7,27,36.4,34.1,23,21.7,17.7,22.4,12.2,16.7,13.8,27.8,30.8,39.7,20.4,26.2,24.4,25.1,38.4,16.8,29.6,32.8,23.6,31.7,28.4,32.9,20.6,33.8,31.1,30.2,32.6,35.8,33,35.8,18.6,16.9,21.7,24.3,31.4,25.4,16.2,8.8,22.1,20.7,18.2,26.5,33,20.3,31.4,13.2,28.3,21.4,20.2,31.7,34.4,29.4,27.9,39.7,37.2,33.6,35.3,24.7,28.6,25.1,30.2,38.7,18.2,28.5,27.9,27.5,29.7,32.1,25.3,35.8,37.6,29.5,22.6,32.8,25.9,28.3,17.1,30.1,26.8,17.5,22.8,20.8,31.2,27.6,27,27.9,24.2,33.4,21.5,27.3,18.9,30.6
30.5,24.1,23.2,23.6,26,23.2,23.3,20.9,19.9,20,25.9,22.6,22.7,19.1,24.7,21.6,22.7,33.4,19.7,22.7,25.7,28.8,26.3,23.8,23.6,25.4,26.8,24,34.6,26.7,20.3,24.9,27,24.9,27.6,23.9,27.3,25,25.3,21.5,26.7,28,28,28.8,29.6,21.8,23.6,24,28.4,28.2,29.3,33,23.8,34.2,31.9,32.1,26.4,34.3,25.5,15.8,26.9,25.7,23.9,26.2,29.1,22.1,28.3,20.9,22.1,31.3,28,28.5,22.7,28.9,25.6,24,18.8,26.9,23.9,28.1,24.9,26,28.5,27.5,27.7,26.4,28.2,22.3,23.5,21.2,20.5,23.9,22.8,31.6,29,29.5,18.7,30.5,24.3,31.4,24.4,31.7,30.6,28,22.5,21.7,31.8,32,31.5,27.6,23.4,27.3,21.2,27.4,27.8,37.6,26.7,26.7,29,27.1,17.9,23.4,27.4,29.8,29.9,29.3,26.9,32.1,30,30.3,27.3,25.2,29.1,27.4,26.4,25.6
37.5,54.7,55.6,51.7,54.5,59.6,61,64.3,63.1,68.7,52.6,65.9,57.8,58.5,56.9,59,50.4,54.7,66.5,65.2,55,45.7,50.9,51.7,54.8,47.4,50.5,52.7,40.1,40.5,59.2,50.7,39,41.5,44.8,50.5,40.7,48.2,54.1,57.6,53.6,45,35.6,37.1,47.4,56.5,58.7,53.7,59.5,55.1,56.9,39.2,45.4,26.1,47.7,41.8,49.2,40.6,36.2,67.4,43.5,41.5,52.5,42.1,42.5,45.1,51.2,45.3,46.8,38.5,39.4,35.7,44.3,35.3,55.8,59.1,59.5,48.8,44.7,46.5,58.9,65.2,49.4,51.8,54,47,38.8,57.4,45.1,65.5,51.2,54.6,57.1,36.7,36.7,41.2,53.4,29.7,38.6,35,40.3,43.6,40.8,46.9,47.2,39.6,50,39.5,40.7,44.9,46.9,40.5,53.4,36.8,34.5,32.8,50.7,40.5,45.1,44.6,65,46.4,45.8,52.7,47.3,49.9,41.9,40.3,43,41.8,48.5,41.4,49.3,45.3,54.7,43.8
10.6,8.9,8.2,5.9,8.4,3.5,1.7,5,5.9,4.9,15,2.5,7.1,11.8,3,10.6,7.7,10.9,6.1,6.8,5.3,11.4,8.9,19.6,24.3,17.5,25.9,21.6,9.7,18.7,20.6,7.4,17.7,7.4,11.5,3.2,7.1,11.9,18.9,26.7,9.6,8,5.2,11.6,6.6,2.8,22.2,23.4,7.4,17.6,14.7,7,4.8,11.6,13.9,9,9.2,2.6,8.5,51.5,14.6,17.8,18.9,11.7,18.3,14.8,29.9,18,12.5,9,5.7,6.8,24.6,7.9,7.4,21.1,10.6,10.1,8.4,9,22.8,32.5,10.3,13.8,7.1,4.2,18,18.6,27.4,14.2,18.3,10.7,18,7.7,9.2,10.7,34.7,7.9,14.4,11.6,17.5,3.3,7.2,17.6,10,23.2,33.4,13.2,16.6,18.3,18.4,14.7,15,18.5,8.5,7.9,4.4,6,2.3,6.8,1.5,5.2,3.8,0.3,9.9,4.5,6.2,10.5,8.5,6,7,13.5,15,14.3,33.3,14.7
36.4,23.2,17.7,65.6,45.9,27.5,18,35.7,50.6,22,50,24.4,38.6,66.5,41.6,54.8,67.2,16.9,28,24.1,19,32.7,21.4,29.7,32,19,27.3,25.2,39.2,20.7,21.9,8,35,20.8,8,2.8,16.6,8.7,21,22.2,11.8,27.7,30,46.1,34.8,81.2,29.6,46.2,18.5,33.9,30.9,50.1,35.5,32.6,32.2,35.6,36.2,13.6,24.3,12.5,15.6,42.6,11.7,22.1,33.5,29.7,58.3,59.4,58.1,33.8,53.8,26.6,52.7,33.1,32.8,39.6,39.6,14,29.8,53.5,30.9,19.4,20.3,11.7,21.9,8.3,46.7,28.9,38.7,32.1,31,39.9,20.4,39.2,32.8,42,44.4,39.9,35,46.4,58.8,26.5,30,40,44.3,54.4,38,42.8,41.4,27.8,50,38.9,17.8,22.2,30,34,18,55.9,20.3,46.5,4.6,51.2,23.3,3,18.3,26.1,30.9,39.8,26.3,15.8,51.5,56.4,43.2,50,29.3,37.9
7.6,4.5,5.9,3.5,4.4,2.6,1.2,1.8,1.8,1.7,2,2.2,2.2,1,1.6,1.6,1.8,1.9,0.4,1.2,3.8,14.6,9.8,6.2,4.1,3.2,6,7.9,10.4,17.2,1.8,1,3.1,2.9,0.6,0.4,3,1.6,5.9,4.7,1.5,12.8,22,8.5,12.1,0.5,3.7,2.2,1.6,2.2,4.6,10.7,6.6,11.2,13.4,27.6,17.6,26.9,21,11.6,3.5,7.2,25.6,9.7,12.2,18,1.5,3.3,5.4,32.2,23.3,19.9,8.6,10.6,4.5,2.6,7.9,12.6,6.2,6.7,4.3,7.2,2.6,6.1,3.8,11.2,14,3.2,8.3,2.2,5.5,2.9,2.5,16.9,8.6,10.9,4.6,32.1,24.2,15.1,8.8,8.1,5.7,7.8,5.6,6.8,6.7,6.1,24,12.9,6.4,12.3,14.8,0.8,19.2,10.4,2,7.5,8.3,6.6,1,10.9,5.5,0.3,2.2,10.2,4.9,5.5,4.3,3,11.5,8.5,7.1,8.5,7,6
0.4,0.5,0.6,1.5,0.9,0.3,0.1,0.5,0.4,0.5,4.2,0.3,0.4,1.3,1.8,2.5,0.3,2.6,2.6,0.7,0.1,0.4,0.5,0.2,1.6,0.4,0.1,0.1,0,0.7,0.8,0.1,0.6,0.3,0,0.1,0.2,0.1,0.2,0.4,0,0.1,1.1,0.4,0.2,11.4,0.2,0.1,0.1,0.2,0,0.7,0.1,0.2,0.9,0.1,0.1,0.1,0.8,0.3,0.2,0.4,0.1,0.4,0.3,0,0.1,0.6,0.2,0.3,0,1.8,0.2,0.6,0.5,0.2,0.2,0,0.2,0,0.2,0.7,0.1,0,0.5,0,0,0.4,0.1,0.1,1.5,0.1,0.3,0,0.4,0.2,0.7,0.6,2.3,0.8,0,0,0.2,2.8,1.7,0.6,1.6,0.3,0.1,0.6,0.4,0.2,0.1,0.8,0.8,0.2,0.3,0.2,0.1,0.5,0.1,0.2,0.3,0,0.6,0.6,0.5,0.3,4.8,2.8,0.2,1.6,4.2,2.4,4.1,0.2
44.1,58.7,64.2,22.4,39,65.3,78.2,56.2,40,68.7,27.6,69.9,50.1,17.2,51.4,28.4,21.7,64.7,62.4,65.5,70.3,39.2,57.8,39.1,32.8,57.7,38.3,42.2,39.5,39.8,50.5,80.8,41.2,66.6,75.5,93.3,71.7,74,47.2,37.5,72.7,49.5,40.7,30.9,45.7,3.6,43.2,27.4,71.3,45.3,49.1,30.3,51.9,42.4,37.7,26.2,35.9,56.5,44.4,21.6,64.1,28.5,39,55,32.5,34,6.6,12.2,20.2,22.5,16.6,44.3,12.6,46.1,53.1,35.8,40.6,62.7,54.9,30.1,40.9,38.4,66.5,68,65.5,76.2,13.5,48,21.8,50.9,40.8,46.2,57.9,33.8,47.4,34,13.6,18.1,22.1,22.9,13.7,60.2,55.6,29,36.2,11.8,18.8,34.5,17.4,38.4,23.3,33.1,51,54.1,39.7,46.6,74.4,28.8,68.4,37.9,92.6,30.6,66.2,95.9,65.6,57.9,55.5,42.1,54.2,67,29,16.4,25.8,21.5,16.7,40.5
0.9,4.1,3.3,1.1,1.3,0.8,0.7,0.8,1.3,2,1.2,0.5,1.6,2.1,0.5,2,1.3,3,0.6,1.7,1.5,1.8,1.6,5.2,5.2,2.2,2.5,3.1,1.2,2.8,4.4,2.7,2.6,2.1,4.4,0.3,1.5,3.7,6.7,8.4,4.4,2,0.9,2.5,0.6,0.6,1,0.8,1.1,0.8,0.8,1.2,1.1,2,1.8,1.6,0.9,0.3,1,2.6,2,3.4,4.7,1.1,3.3,3.5,3.7,6.6,3.6,2.2,0.6,0.6,1.4,1.6,1.7,0.8,1.1,0.6,0.5,0.7,0.8,1.7,0.2,0.3,1.1,0,7.8,0.9,3.6,0.6,2.9,0.3,1,2.4,1.6,2.2,2,1.4,2,3.3,1.2,1.9,1.3,2.8,2.2,3.3,1.6,3.1,0.5,2,1.5,0.8,1.2,3.5,1.8,0.8,0.9,1.6,0.7,1.7,0.2,1.9,0.9,0.5,3.4,0.7,2.1,1.8,2,5.4,0.7,3.6,4.7,3.3,9.6,0.7
94.5,72.3,70.9,53.6,64,54,56.7,43.1,54.5,58.1,66,56.1,61.9,58.9,59.6,54.2,47,73.8,57.7,61.5,71.2,76.9,74.9,88.4,89.9,70.9,74.5,78.3,84.8,83.1,89.9,58,83.8,69.3,75.8,25.7,62.2,67.3,85.8,86.3,77.1,80.1,80.6,83.5,64.6,71.6,64.4,71.9,68.9,70,79.2,88.8,84.7,90,87.9,84.9,58.3,71.5,90.6,77.6,72.3,73.8,85.7,60.9,79.8,87.7,85.7,84.2,84.7,81.2,75.7,90.8,90.1,85.3,65.4,60.1,78.4,63.2,40.9,53.8,83.9,88.2,49.4,55.9,70.8,41,88.9,55.7,85.6,70.7,60.2,43.6,77.9,86.3,79.4,82.6,87.8,86.1,92,94.4,93,81.8,85.1,79.2,73.8,92.1,86.5,86.9,87.4,81.4,85.9,76.1,68.6,88.1,81.7,90.6,59.2,69.5,55.8,77,29.1,59.7,55.1,15.8,75.7,70.2,68.9,78,77.8,85.1,60.8,71.9,84.3,78.1,92.4,81.9
5.5,27.7,29.1,46.4,36,46,43.3,56.9,45.5,41.9,34,43.9,38.1,41.1,40.4,45.8,53,26.2,42.3,38.5,28.8,23.1,25.1,11.6,10.1,29.1,25.5,21.7,15.2,16.9,10.1,42,16.2,30.7,24.2,74.3,37.8,32.7,14.2,13.7,22.9,19.9,19.4,16.5,35.4,28.4,35.6,28.1,31.1,30,20.8,11.2,15.3,10,12.1,15.1,41.7,28.5,9.4,22.4,27.7,26.2,14.3,39.1,20.2,12.3,14.3,15.8,15.3,18.8,24.3,9.2,9.9,14.7,34.6,39.9,21.6,36.8,59.1,46.2,16.1,11.8,50.6,44.1,29.2,59,11.1,44.3,14.4,29.3,39.8,56.4,22.1,13.7,20.6,17.4,12.2,13.9,8,5.6,7,18.2,14.9,20.8,26.2,7.9,13.5,13.1,12.6,18.6,14.1,23.9,31.4,11.9,18.3,9.4,40.8,30.5,44.2,23,70.9,40.3,44.9,84.2,24.3,29.8,31.1,22,22.2,14.9,39.2,28.1,15.7,21.9,7.6,18.1
60.6,64.5,56.8,67.6,65.8,60.8,57.6,64.9,65.4,60,63,61.1,63,71.7,60.8,69.2,67.6,65.8,60.1,64.5,72.4,71.2,73.5,63.8,69.7,67.5,65.7,64.9,65.2,70.3,54,64.8,64.5,64.3,52.9,63.5,66.3,59.3,53.5,58.4,56,70.6,70,67.4,68.9,62,66.3,69.6,68.9,66.7,69.7,71.4,66,65.2,66.2,65.8,71.4,71.4,62.4,64.9,67.6,69.6,66.7,68.9,66,69.8,64.3,65.8,59,72.7,68.1,66.5,64.5,70.6,63.5,66.4,65,66.5,70,65,66.3,58.4,64.9,70.1,61.4,59.8,62,63.4,63,65.1,66.9,64.3,64.3,62.8,70.8,70.5,63.2,69.3,67,62.6,64.8,65.9,65.7,70,69.2,64.9,68,69,64.7,65.6,68.2,61,63.4,65,71.8,64.1,63.7,70.5,68.9,72.6,60.2,67.6,67.3,58.7,65.2,68.5,72.8,69.3,71.1,68.7,70.6,70.3,63.2,67.2,60.7,64.8
56.6,61.5,53.6,64.8,62.7,55.9,52.4,61.3,62.8,56.1,59.5,56.9,59.6,69.1,57.1,66.5,65,62.9,54.8,61.6,69.9,68.5,70.9,60.4,67.5,63.4,62.2,61.3,60.8,65,51.3,61.4,60.9,60.9,50.6,60.6,63.5,55.9,50.5,55.5,53.3,68,66.2,64.4,66.5,59.7,61.9,67.1,66,63.6,66.6,69.6,63.1,61.9,63.6,62.6,68.5,66.5,58.1,61.7,64.1,66.9,63.5,64.4,62.9,66.4,61.5,63.2,54.4,70,65.4,63.7,62.1,67.8,59.8,63.8,60.8,61.9,67.2,61.9,63.5,55.7,62.5,67.1,58,53.7,59.5,60.3,59.8,63,63.6,61,61.8,59.4,68,68.2,58.8,66.1,64.3,58.8,61.1,63.1,62.7,67.2,66.5,62.2,65.3,66.4,61.3,63.2,65.4,56.1,59.7,62.4,69.3,59,60.1,68,65.9,69.7,56.3,64.2,63.5,55,62.8,65.3,70,65.8,68.7,66.6,68,67.5,60.6,65.1,57.9,61.9
4.1,2.9,3.2,2.7,3.1,4.9,5.1,3.6,2.7,3.9,3.5,4.1,3.4,2.6,3.7,2.7,2.7,2.9,5.3,2.8,2.5,2.7,2.6,3.4,2.2,4.1,3.5,3.6,4.4,5.3,2.6,3.5,3.6,3.4,2.3,2.9,2.8,3.3,3.1,3,2.8,2.6,3.8,3,2.4,2.3,4.4,2.5,2.8,3.1,3.1,1.8,3,3.4,2.6,3.2,2.9,4.9,4.2,3.2,3.6,2.7,3.2,4.5,3,3.4,2.8,2.6,4.7,2.7,2.7,2.7,2.4,2.8,3.7,2.6,4.2,4.6,2.8,3.1,2.8,2.7,2.4,3.1,3.4,6.1,2.4,3.1,3.2,2.1,3.3,3.3,2.5,3.4,2.8,2.3,4.4,3.2,2.6,3.7,3.7,2.8,2.9,2.8,2.7,2.7,2.7,2.7,3.4,2.4,2.8,5,3.7,2.5,2.5,5.1,3.6,2.5,2.9,2.9,3.8,3.5,3.8,3.7,2.4,3.2,2.8,3.5,2.3,2.2,2.6,2.8,2.6,2.1,2.8,2.9
6.7,4.6,5.7,4,4.6,8.1,8.9,5.6,4.1,6.5,5.5,6.7,5.4,3.7,6,3.8,3.9,4.5,8.8,4.4,3.4,3.8,3.6,5.3,3.1,6.1,5.3,5.6,6.7,7.5,4.9,5.3,5.6,5.2,4.4,4.6,4.2,5.6,5.7,5.1,5,3.7,5.4,4.5,3.5,3.7,6.6,3.6,4.1,4.6,4.4,2.5,4.5,5.2,3.9,4.9,4.1,6.8,6.8,4.9,5.3,3.9,4.8,6.5,4.6,4.8,4.4,3.9,7.9,3.7,4,4.1,3.7,3.9,5.9,4,6.5,7,4,4.8,4.2,4.6,3.7,4.4,5.6,10.1,3.9,4.9,5.1,3.2,4.9,5.2,3.9,5.4,4,3.3,6.9,4.6,3.9,5.9,5.7,4.2,4.5,4,4,4.2,4,3.9,5.3,3.7,4.1,8.2,5.8,3.9,3.5,7.9,5.6,3.6,4.3,4,6.3,5.1,5.6,6.3,3.7,4.7,3.8,5,3.3,3.2,3.7,3.9,4.2,3.1,4.6,4.5
0.1,0.1,0.8,0.1,0.1,0.1,0.2,0,0.1,0.2,0.1,0.6,2.9,0,0,0,0,0.2,0,0.6,0.1,0.3,0.2,5,0,0,0.1,0,0.2,0.4,0.2,0,1.5,0.3,0,0.1,0.1,0,0.1,0.2,0.1,0.2,0,0.1,0,5,0,0,0,1.4,0,0.1,0.5,0.1,3.4,0.1,0.3,0.3,0.2,0,0,0.1,0.1,0.1,0.1,0,0,0,0,0,0,0,0.1,0.2,0.4,0,0.1,0,0.1,0,0.1,0.1,0.1,0.1,0.5,0,0.1,0,0,0.1,0,0,0.1,0.1,0.1,0.1,0,0.1,0,0.3,0.1,0.7,0.1,0,0,0.1,0.1,0.1,0,0,0.1,0,0,0,0.1,0.1,1,0.1,0,0,2.3,0,0,0,0,0.2,0.1,0.2,0,0.1,1.1,0.1,2.2,0.4,0.8,0.1
39.3,35.4,42.4,32.3,34.2,39.1,42.2,35,34.5,39.8,36.9,38.3,34.1,28.2,39.1,30.8,32.3,34,39.9,35,27.6,28.5,26.3,31.2,30.3,32.5,34.3,35.1,34.6,29.3,45.8,35.1,34,35.4,47.1,36.4,33.7,40.7,46.4,41.4,43.8,29.2,30,32.5,31.1,33,33.7,30.4,31.1,31.9,30.3,28.5,33.5,34.7,30.4,34.1,28.3,28.3,37.5,35.1,32.3,30.3,33.2,31.1,34,30.2,35.6,34.2,40.9,27.3,31.9,33.5,35.5,29.2,36.1,33.6,34.9,33.5,29.9,35,33.6,41.5,35,29.8,38.1,40.2,38,36.5,37,34.9,33.1,35.7,35.6,37.1,29.1,29.4,36.8,30.7,33,37.2,35.1,33.4,34.3,29.9,30.7,35,32,30.9,35.3,34.4,31.7,38.9,36.6,35,28.1,35.8,35.4,29.4,31.1,27.3,37.6,32.3,32.7,41.3,34.8,31.4,27.2,30.6,28.9,31.1,28.3,29.6,34.6,32.4,38.6,35.1
83.2,75.6,76.8,60.8,67.1,79,80.1,74,78.2,79.5,77.5,80.2,76.5,30.3,80,68.2,75.2,77.1,83.2,79.3,78,77.1,68.5,77.1,77.9,71.6,81,77.8,78,34.2,81,80.1,79.4,78.8,79.9,76.5,80.8,76.9,79.8,78.5,83.1,79.1,70.5,70.8,79.9,65.5,61.1,76.6,76.6,76.4,81.5,84.8,82.2,80.3,79.1,80.7,65.8,67.1,62.2,81.3,75,66.8,77.7,40.4,80.7,81.7,85.2,84.9,80.1,72.4,72.1,83.6,84,82.1,78.7,68.8,75.7,60.8,36.9,70.8,75.2,81.5,73,68,79.5,23.5,81.5,18.8,80.9,67.5,5.7,32.8,80.5,83.4,76.1,78.2,79.8,80.3,78.6,80.8,83.3,81.6,82.5,61.1,73.9,70.6,82.7,80.5,73,74.5,79.1,49.5,78.5,81.6,78.8,85,78.2,80.4,78.6,81.5,81.7,80.9,80.2,79.7,80.4,82,75.3,79.5,74.4,73.9,70.5,60,77.2,72.3,76.8,78.4
9.5,11.1,10,9.3,11.4,12.4,12.8,9.5,9.4,11.6,9.9,10.1,8.8,8.6,12.7,9.8,10.3,9.7,8.2,10.7,11.3,8.4,7.8,9.9,6.9,9,8.1,8.1,9.7,5.1,8.8,8.6,9.5,9.1,10.3,8.7,9.9,10.9,9.4,8.8,9.8,7.6,10.8,6.2,11.6,14.6,8.2,7,12.1,8.2,7.4,6.7,10.4,8.4,6.9,8,10,10,9.3,9.3,8.4,6.4,8,6.6,7.3,9.1,8.7,7.1,9.9,7.4,11.2,6.6,6.3,9.3,9.8,7.4,8.2,7.6,6.4,10.2,6.7,8.1,11,7.6,10.2,4.5,6.9,4,7.7,7.7,1.8,5.7,7,8.2,9,8.5,7.7,8.6,8.8,8.5,7.4,9.8,9.2,8.3,8.6,8.7,5.8,5.6,8,12.9,6.2,7.3,10.7,8.8,9.6,9.5,11.9,6.9,11,7.6,9.8,9.5,9.9,9.1,8.9,10.3,8,9.7,11.8,11.1,9.4,9.5,9.7,11.8,8.8,8.4
0.9,1.9,2.1,15.7,11.2,1.1,0.9,5.7,2.1,1.2,2.3,1.3,2.6,33.5,1.6,10.6,4.1,2.1,1,1.1,3.4,3.7,5.9,0.6,2.9,9.5,3.3,3.7,3.3,34.4,0.7,2.4,1.4,1.4,0.4,4.6,1.7,1.4,0.6,1.6,0.3,1.1,7.7,7.4,0.8,7.2,19.1,6.9,2.4,5,4.3,0.4,0.5,2.7,4.3,4.3,13.4,14.6,16.2,2.6,5.7,12.5,6.4,31.4,1.9,1.7,1,0.3,2.5,7,6.3,2,1.6,0.9,3.3,15.1,7.8,21,43.9,11.3,8.6,1.6,7.7,11.2,1.7,58.4,3.4,60.7,2.8,17.3,59.9,51.4,6.4,0.5,2.8,1.1,4.3,2.3,3.1,3.3,2,0.7,0.7,11,5.6,9.5,3.3,2.5,10.9,0.9,4.7,26.4,2.4,0.5,1.6,0.9,2.2,1.1,2.5,0.9,1.2,1.5,2.5,0.1,0.7,0.5,2.7,0.7,3.2,2.1,9.8,14.6,4.3,5.9,3.3,4.2
1.2,1.3,2.1,3.6,1.4,1.8,0.9,2.7,1.9,1.2,1.7,1.7,3.1,12.7,1.2,2.3,2.1,2.2,1.2,1.8,1.3,1.4,5.1,4.1,1.6,2.6,1.4,3.9,2.8,13.3,1,0.9,1.8,1.6,0.8,1.9,1,1.1,0.8,1.5,1.1,0.8,1.3,3,0.8,4.4,3.9,1.9,1.2,2.6,0.6,0.9,1.5,1.7,1.8,1.9,2.3,1.9,5.6,2.2,3.8,5.3,1.7,13.8,3.2,2.3,1,1.2,1.8,3.9,2.9,1.5,1.6,2.1,1.4,2.8,1.8,3.7,6.5,1.5,1.4,1.2,3.8,2.9,1.5,7.7,3.1,8.6,2.9,2.1,19.3,5.3,1.2,1.7,2,1.3,2.5,2.7,3.2,2.7,1.5,2.3,1.9,5.1,3,4.2,1.2,1.9,2.1,3.8,2.3,8.5,4.1,1.2,2.9,1,2.1,0.9,1.6,1.5,1.5,0.5,1.1,1.1,0.6,1.1,2.4,0.6,2.2,4.2,1.6,5.7,1.8,2.1,3.1,3.4
4.2,7.4,5.5,6.9,6.8,4,3.9,5.6,6.7,4.7,6.5,5.4,6.6,6.3,3.6,5.4,5,7.2,5.5,6,4.8,7.8,8.7,6.9,9.4,6.3,5.1,5,5.1,6.1,6.3,5.2,5.2,7.4,5.8,5.3,4.5,7.2,7.2,6.9,4.1,9.1,8.1,9.6,5.8,4.5,5.1,6.7,6.1,6.8,5.3,6.2,3.4,5.2,6.6,3.9,6.7,3.6,4.2,3.8,5.3,5.9,4.9,3.7,5.5,4.1,3.2,5.5,3.8,6.4,5.9,4.9,5.6,4.3,4.1,4.7,4.2,4.4,3.4,4.4,6.1,5.7,3.3,4.2,5.2,3.4,3.7,4.6,4.5,4.4,7.4,2.9,4,5.2,8.6,10,4.5,4.8,4.8,4,5,3.8,3.9,8.9,7.2,5.8,6.4,8.6,5.4,5.8,6.8,4.3,3,6,5.7,2.5,4,9.1,4.9,7.2,3.8,6.7,4.4,6.4,8.3,4.9,9.6,8.2,6.8,6.8,7.1,7.2,5.7,6.5,6.4,4.5
24.2,26.3,25.3,34.8,40,23.1,23.5,32.2,28.3,33.6,28.4,31.7,26.6,33,37.2,29.7,29.6,25.4,31.1,27,29.9,28.9,25.1,23.7,28.2,31.7,23.7,25.2,25.9,30.9,25.4,28.7,25.5,28.4,28.1,33.7,27.9,26.5,32.3,23.9,29.1,31.5,32.6,29.4,35.3,29,33.6,29.7,29.2,30.9,33.3,21.1,19.8,22.4,32.4,30.2,34.3,37.5,31.6,27.9,30.8,32,34.2,31.7,30.6,21.6,28.6,26.8,25.6,23.6,23.5,23.5,23.9,19.6,25.4,33.8,28.5,34.4,37.5,36.5,36.2,30.8,28.7,31.7,22.8,45.2,21.1,43.4,20.4,37.4,32.4,45.2,33.3,20.9,26.6,25.5,24.1,22,23.5,21.6,23.3,21.3,20.1,26.3,25.7,26.8,31,28.7,30.6,22.8,29,34.4,24.7,23.7,24.5,22.8,25.5,29.1,27.6,28.8,23.6,33,29.2,22.6,32.8,27.2,25.4,28.8,22.4,22.3,32.5,30.2,33.7,33.3,21.3,22.2
0.6,0.6,1,0.5,0.5,11,17.3,0.4,0.6,1.3,0.9,0.6,0.7,0.1,5.7,0.3,0.5,2.6,4.4,5.6,1.9,1.1,1,0.8,1.4,0.3,0.3,0.3,0.8,0.3,0.4,0.2,0.2,1.1,0.4,0.7,0.3,1.1,0.5,0.2,1.2,0.1,0.1,0.3,0.1,0.7,0.2,0.2,0.3,0.3,0.4,0.5,0.6,0.3,0.3,0.3,0.2,0.1,0.3,0.5,0.4,0.3,0.4,0.1,0.3,0.9,0.1,0.3,0.3,0.4,0.5,0.3,0.7,0.6,0.4,0.2,0.3,0.3,0.1,0.1,0.2,0.3,0,0.1,1.2,0.2,0.5,0.1,0.3,0.1,0.1,0,0.4,1,0.3,0.4,0.3,0.3,0.2,0.2,0.2,3,2.2,0.7,1.5,0.5,0.4,2.7,0.2,2.9,0.3,0.2,0.4,0.5,0.2,0.2,1.2,0.8,0.7,0.7,1.4,4.1,2.9,2.8,5.5,1,0.6,0.6,0.6,1,0.2,0.5,0.7,0.6,1,0.3
5.6,6.8,6.7,5.3,7.8,6,7,6.2,5.7,9.1,6.8,8.3,6.4,3.3,9,4.8,5.2,9.4,8.4,5.7,12.6,7.4,8,8,7.7,6.6,5.2,6.2,5.3,2.7,6.9,7,6.8,6.6,12.9,8.4,7.4,7.2,8.3,5.6,9.2,6.8,5.8,3.5,9.4,7.2,4.8,4.8,7,5,6.6,5.4,6.5,5,7.4,5.2,6.5,8.5,5.2,6.7,6.4,4.3,7.9,3.9,6,5.8,5.4,4.4,4.7,3.2,4,7.2,5,6.8,7.2,6,5.8,6.3,5.6,5.4,6.6,8.7,6,6.3,6.5,4.8,4.7,5.1,4,5.7,2.1,7.9,7.6,4.5,6.9,5.5,4.6,4.3,4.1,5.1,4.9,6.8,6.2,5.4,6.6,5.2,6.9,5.5,5.2,8.7,4.9,4.2,5.4,6.7,6.1,5,8.2,5.4,10.5,5.8,6.3,5.2,10.9,9.4,10.1,8,6.9,7,7.9,7.5,5.4,5.1,7.5,9.2,6.1,3.6
9.5,7.3,6.7,9.7,5.9,6.2,4.1,9.1,11.6,8.3,5.2,8.1,9.1,5.3,10.3,8,16.1,8.9,11.9,8.8,8.1,5.2,5.2,5.1,7.3,8.1,11.4,10.7,8.7,1.3,11.9,4.6,5.2,4.9,2.5,4.5,4.6,4.3,5.7,7.1,5.8,8,5.8,5.7,9.6,3.1,9.5,12.9,15.9,15.3,11.2,7.1,17.3,11,5,5.5,2.6,1.6,4.5,10.5,10.5,9.6,7,4.9,11,18.3,21.4,20.7,18.7,11.7,11.7,9,10.5,7.4,3.5,7.8,7.1,7,6.3,9.1,5.3,5.4,13.6,8.1,4.2,3.3,10,3.1,11.4,4.1,2.5,3.2,6.9,13.2,8.3,8.4,12.1,7.4,11.8,13.3,15.5,6.2,12,10.1,16.4,8.1,11.4,10.8,7.3,15.6,11.6,6.5,11.9,16.9,7.8,8.7,5.5,8.2,8.4,8.6,5.5,8.8,9.1,5.2,8.5,9.6,7.6,9.6,9.9,8.3,2.3,8.4,8.7,14.3,8.1,14.8
3.1,2.4,2,2.1,2.1,3.6,2.6,3.2,3.4,2.7,2.3,3.4,2.1,1.7,2.9,2,2.1,2.5,3.5,3.3,2.4,3.2,2.6,1.7,2.5,2.5,2.3,2.3,2.2,0.4,1.2,3.2,2.5,2.7,2.4,3.8,2,2.3,2.4,2.5,2.6,2.4,2.2,2.9,3.2,1.9,2.6,4.1,2.9,4,3.3,3.3,2.8,2.5,1.8,2.1,1,1,1.6,3.3,2.5,1.7,2.4,1.8,2.3,4,1.9,2.3,2.4,3,2.2,2.2,2.8,2.4,1.9,4.3,3.3,2.4,3.3,3.8,3.2,2.4,4.3,3.5,2,1.6,2.1,2.1,1.8,2.7,1.9,1.9,3,3.3,2.4,2.1,2.7,2.9,3,1.9,2.6,2.2,2.7,3,3.2,2.3,3.3,2.7,1.9,2.6,2.5,2.1,2.3,3.6,2.3,2.9,2,2.5,3,2.9,2.7,3.1,3.1,2.8,3.3,3.5,2,2.1,2.2,1.9,0.8,2.4,3,2.1,3.5,2.2
11,11.5,11.5,8.6,9.8,10.8,10.2,10.1,10.5,12.8,11.2,12.4,10.3,9.3,11.6,8.7,8.2,11.8,11.5,10.6,13.5,9.8,9.4,11.5,10.3,9.8,11.1,11.6,11.1,4.4,11.5,12.1,12.1,11.7,14.5,10.7,11.6,12.6,14.3,12.8,14.2,10.9,10,8.7,11.5,11,9.5,9.3,11.9,12.3,10.6,10.4,10.7,10.1,10.9,10,8,8.4,8.8,13.2,11.3,8.3,11.1,8.7,10.6,11,10.8,8.8,9.9,11.4,9.8,10.8,11.1,11.4,11.2,10.7,12.6,9.1,10.4,11,10.3,12.3,12.6,11,10.3,11.2,10.8,8.7,11,9,6.5,9.4,10.8,11.2,10.1,9.8,9.7,12.1,11.1,11.7,11.7,12.3,10.5,10.3,11,10.7,11.6,10.1,10.2,11.3,10.9,9.2,12.9,10.3,10.9,10.5,12,11.1,10.6,12.2,12.1,11.7,10.5,12.4,10.3,12.2,9.1,10.1,11.2,13.1,7.6,11.8,11.1,11.8,11.3,11.2
5.9,5.8,4.3,5.1,5.9,5.4,5.8,6.4,3.9,6.9,5.8,10.9,4.5,4.5,8.6,5.8,3.2,3.1,7.1,3.8,6.9,6.6,4.3,4.1,4.1,3.7,5.3,4.4,5.8,3.4,4.1,7.5,6.7,5.6,5.3,8.3,5.9,5,4.1,4.5,7.1,5.8,7.7,6.9,5.7,7.3,7.7,6.4,6.5,4.6,9.4,5.4,4.3,8.2,4.6,5.1,3.1,6,6.3,4.7,4.6,2.8,4.6,4,5.1,3.8,3.9,3.3,6.7,3.7,5.1,5.7,4.5,5.9,6.5,4.8,6.2,8.3,6.9,7.9,5.2,5.3,7,9.8,3.3,8.5,4.7,7,3.7,6,2.8,9.6,5.6,6.4,5.9,4.2,4.9,6.7,5.5,4.8,5,4.2,6,5,4.4,4.6,4.3,3.2,6.2,5.4,3.4,6.6,4.6,3.3,4.1,14.3,5.1,3.5,7.1,5.9,6.4,5,7,4.6,6.1,8.9,3.6,3.4,5.5,2.5,3.9,4.9,7.7,5,4.8,5.9
1.8,2.2,2,3.7,2.6,1.3,1,4.3,2,1.5,1.4,1.2,1.9,6,1.2,4.7,5.5,1.9,1.1,2.3,2.3,3.2,3.9,3.1,2.4,2.6,2.2,1.8,1.2,3.9,1.6,2,1.3,2,1.4,1.8,2.2,1.7,1.9,1.5,1.3,3.3,3.3,4,3.3,1.5,2,2.4,1.5,1.6,2.1,2.6,1.4,2,1.8,1.7,2.8,2,1.8,1.4,1.8,3,2.1,2,1.9,1.3,1.1,1.8,1.2,2.1,1.9,2.2,2.2,2.5,1.6,2.8,2,2.7,3.7,2.7,2.8,2.3,2.2,2.1,2.2,1.3,1.8,4.4,2.2,2.7,6.1,2.4,2.8,1.4,2.8,2.8,1.7,2,2.1,2.4,1.7,1.4,2.1,2.1,1.8,1.9,1.8,2.1,1.8,1.6,2,2,1.3,1.2,2.9,0.8,1.4,3.6,2.2,2.1,2,1.1,1.3,1.3,1.5,1.5,3.7,2.6,1.8,3.3,2.4,3.1,1.4,2,1.9,2
8.8,10,5.7,6.3,7.7,4.3,3.4,5.9,8.7,4.8,6.5,4.6,5.9,8.3,4.6,7.5,4.2,5.3,4.2,7.4,5.4,9.3,8,7.6,7.1,11.1,10.5,6.4,10.5,6.5,5.5,7.5,10,11.2,6.6,7.8,6.9,7.5,7.9,9.4,6.2,8.3,6.8,8.9,6.1,6.4,7.8,8.7,7.4,7.9,6.9,11.9,5,7.9,6.1,8,6,4.6,5.7,5.9,6.6,7.1,8.5,8.8,6.6,6.4,5.8,7.4,5.5,10,7,7.6,9.2,10.3,5.7,9.5,6.8,7.8,12.1,8.4,10.6,6.6,5.8,7.6,5.5,6.2,8.1,7.3,6,10.3,16.1,7.7,6.8,6.9,13.9,7.2,7.9,9.7,7.6,5.3,7,6.5,6.8,6.1,6.5,9,7.4,10.9,8.5,5.1,10.3,5.8,6.9,6,7,5.1,8.3,11.6,8.3,11.3,4.6,7.3,5.7,4.3,4.2,8,7,7.7,9,5.9,6.6,6.1,4.8,5.7,6,6.3
11.9,13.9,12.4,20.4,15.9,8.6,8.3,12.8,14.7,10.7,11.8,9,15.4,25.2,10.6,21.1,21.2,12,9.2,13.5,11.1,14.6,18.8,13.7,15.4,16.1,10.8,9.3,11.3,23.9,14.2,14.9,13.5,14.7,12.8,13.4,13.8,16.8,13.2,14.6,10.7,18.1,17.8,21.8,13.1,9.4,14.9,14.9,12.3,14.7,10.8,16.8,10.8,11.9,15.8,13.3,20.8,15.3,12.7,9.7,13.4,19.1,12.6,16.8,11.5,9.9,10.3,14.3,10.8,15,11.1,12.9,13.2,12,11.6,13.4,11.4,14.5,16.8,16.8,14.6,10.3,11,13.2,15.3,9.2,10.5,14.8,12.3,13.8,21.6,11.6,11.4,10.4,14.9,20.2,11.9,12.7,12.6,11.7,10.9,11.4,10.7,15.3,13.8,13.3,14.1,16,12.6,8.1,14.6,12.3,9.9,12.8,13.7,11.3,12,17.3,14.5,13,10.5,13.2,12.8,8,12.7,10.6,20.4,16.6,13.1,16.5,26.2,20.8,10.1,12.3,10.8,10.7
24.2,20.4,24.6,21.8,23.6,24.1,21.2,20.6,19.2,20.4,22.3,21.6,21.1,18,18.4,18.9,19.8,20.7,21.2,19,18,20.4,20.3,23,20.7,22.6,25.7,30.1,25,18.8,20.7,20.5,21.2,21.3,21.7,20.2,19.6,19.7,23.2,21.3,18.9,18.3,23,18.7,18.7,22.3,23.1,21.4,18.3,20,22.1,22.4,23.3,23.4,18.8,28.2,21.4,23,30.7,26.1,24.4,28.6,25.9,30.6,28.7,23.6,20.4,21.5,22.1,23.9,28.2,22.3,25.2,25.2,15.6,25.8,27.2,25,18.2,20.8,24.5,27.6,22.9,23.2,25.7,32.4,28.1,28,32.8,28.8,23.2,24.2,27.8,24.1,17.5,20.7,25.9,24.4,24.9,24.4,23.6,22.2,21.3,22.5,19.9,27.2,24,22.2,29.7,22.1,25.4,31.4,26.2,20.8,23.6,21.6,23.5,20.7,17.2,20.7,26.4,25.1,19.3,28.7,20.1,18.9,19.7,21.9,22.3,24,18.5,19.8,23.3,19.7,25.5,26.3
8.8,10.7,12.1,8.2,8.5,7.9,8.6,11.7,11.1,12,10,9.5,12.2,10.6,7.7,10.1,7.8,9.9,8.3,10,9.1,10.5,9.7,10.5,9.5,8.3,7.2,8.5,8.5,9.7,11.8,10.8,10.1,9.9,11.7,10.9,17.5,12.2,9.5,11.1,14.6,10.6,8.6,10.5,9.7,15.1,9.5,8.5,8.7,7.9,9.4,7.3,9.1,10,9.3,7.7,9,9.3,9.2,9.5,9.3,7.6,9.6,10.3,7.5,8.4,10.5,8.5,10,9,9.5,9.4,8.5,8.5,26.9,6.5,8.2,7.6,9.5,6.2,8.4,8.7,7,6.3,11.5,11.8,9.1,10.2,7.7,7.3,10.4,11.7,7,8.9,10.6,9,9.8,9.8,9.3,9.7,9.2,11.7,10.5,11.2,7.9,8.7,7.6,7.6,8.3,8.7,7.1,9.3,10.3,9.9,12.5,9.6,11.9,8,9.4,9.6,10.2,7.2,9.5,10.5,8,9.7,10.1,8.4,8.7,8.2,8.3,9.9,9.9,8.6,10.6,9.1
4.9,4.8,5.4,4.9,5.7,4.7,4,6,5.5,5,5.4,4.9,5.4,4.6,4.3,5,4,7.3,4.6,5.1,4.4,4.2,5,5.2,5.7,5.9,4.3,5.1,4.7,8.8,5.3,5.8,6,4.5,4.5,5.9,5.1,6.6,5.1,5.7,4.8,3.7,4.4,4.7,6.5,4.3,5,4.4,4.4,4.2,3.9,4,4.4,4.8,5.5,5.3,7.3,6.6,5.5,4.5,5.3,4.3,4.4,4.7,4.5,4.7,4.6,4.1,4.4,4.3,5,5.2,4.6,4,4.7,5.4,4.2,5,4.2,3.9,4.1,5,4.9,5.5,4.9,5.3,4.8,5.3,3.8,4.2,4.4,6.3,4.5,5.1,4.3,4.9,4.5,4.1,4.2,5.1,4.6,5.7,5.8,4.9,3.9,4.8,3.9,4.1,4.9,5.1,4.1,5.1,4.5,5.1,5.3,4.8,4.8,4.7,5.7,4.7,4.4,4.6,5.5,5.2,7,5,4.2,4.8,4.5,5,6.3,4.3,4.6,4.7,5.7,4.5
4,3.8,5.8,3.3,3.9,6.1,6.5,3.2,2.9,4.6,10.5,5.5,4.9,3.2,5.2,3,2.2,4.5,4.6,4.8,4.4,4.4,3.7,5.5,5.8,2.5,3.8,3.4,4.9,16,4.9,4,4.5,3.8,3.3,3.5,3.2,2.9,3.9,3.6,3.4,3.6,4.5,3.4,3,9.8,3.5,2,2.8,2.2,3.4,2.9,3.7,2.8,12.7,7.8,11.3,13.3,7.6,3.9,3.5,3.2,3.7,3.5,3.9,1.7,3.8,2.6,3.3,2.3,4.1,5,2.5,3,3.3,2.7,4.9,4,3,3.8,4.3,5.1,2.6,3.3,7.4,3.9,4.7,3.9,2.8,5.1,2.3,4.3,5.3,3.6,2.2,4.8,4,3.7,3.7,4.5,3.2,6.4,3.2,3.6,3.1,3.6,3.3,2.1,3.3,2.7,2.9,5.5,3.5,3,3.8,5.1,4,2.7,2.4,2.6,7.5,3.5,2.4,4.9,2.7,3,5,5.3,3.4,2.7,11.6,2.8,7.2,4,4.7,3.2
82.8,83,77.1,80.2,77.7,75.6,77.9,79.1,81.6,79.1,72,78.1,78.8,81.2,81.4,82.7,84.7,75.3,78.7,78.8,84.2,83.2,83.5,79.7,80.9,82.6,82.1,82.6,82.1,72.2,82.5,83.2,85.2,84.1,83.1,83.7,85.8,83.4,82.1,83.8,85.9,84,83.5,84.1,84,72.4,84.3,86.8,85.5,85.7,85.7,84.1,81.9,85.7,73.8,79.1,73.6,70,77.6,83.1,83.5,83.4,82.1,86.4,81.9,87.8,87.4,88,86.9,86.2,83.4,83.2,87.1,85.4,84.1,84,83.3,82.3,86,82.9,81.5,77.8,84.6,83.4,73.4,80.7,80.7,79.3,82.3,78.9,84.4,79.4,77.7,81.1,87.3,81.4,84.1,83,85.1,83.4,84.4,78.5,84.1,81.5,85,86.7,85.1,87,86.2,84.8,87.5,84,85,85.3,83.6,82.9,81.4,84.8,85,84.1,75,81.3,82.7,71.7,80.8,84,78.7,79.7,81.4,85,73.6,82.9,76.4,81.9,79.2,86.2
12.4,11,16.1,12.2,13.7,18,15.5,11.2,10.1,13.6,20.6,15.3,13.2,11,13.1,10.1,9.2,13.3,14.3,12.3,11.7,11.2,11.1,14.8,13.8,10,12.7,11.9,13.6,23,12.3,10.6,10.9,11.1,11.5,8.7,9.5,9.7,11.7,10.1,9.2,9.9,12.2,10.2,10.3,22.1,11,9.1,10.2,9.4,11.3,10.3,13.1,9.6,22,16.5,20,25.2,18.8,12.1,10.5,10.5,12.4,9.7,12.7,6.9,9.1,7.5,9.3,9.5,12.3,11.7,8.2,10.4,10.2,10.8,13,13.1,9.2,13.1,13.1,15.6,11.1,12.3,20.2,13.8,15.2,13.8,12.6,16.3,8.4,13.8,18.4,13.7,8.6,13.8,11.5,12.7,10.4,12,10.6,14.9,10,10.6,9.6,9.1,9.2,7.7,8.7,7.5,7.7,11.4,10.8,9.1,9.6,12.2,12.6,9.5,8.1,10,19,12.8,10.3,18,11.5,9.6,14.2,13.8,13.6,9.9,20.6,10.9,18.6,12.2,14.9,10.1
4.7,5.8,6.5,7.4,8.6,6.1,6.5,9.5,8,7.1,7.3,6.4,7.8,7.8,5.4,7.1,6,11.3,6.9,8.6,3.9,5.3,5.2,5.3,5.1,7.3,5.1,5.5,4.2,4.7,5,5.9,3.8,4.6,5.1,7.4,4.6,6.6,6.1,5.9,4.7,5.9,4.2,5.4,5.3,5.3,4.6,3.9,4.2,4.7,3,5.4,5,4.6,4.1,4.2,6.3,4.7,3.5,4.5,5.9,5.9,5.4,3.8,5.2,5.3,3.4,4.3,3.6,4.2,4.1,5,4.7,4.1,5.5,5.1,3.7,4.4,4.7,3.8,5.2,6.4,4.2,4.2,6.3,5.4,4.1,6.8,5,4.6,7,6.7,3.9,5,4,4.5,4.2,4.2,4.4,4.3,4.9,6.4,5.6,7.8,5.4,4,5.6,5.2,4.7,7.5,4.7,4.5,4.1,5.5,6.7,4.8,5.7,5.6,6.6,5.6,5.8,5.8,6.7,10.3,7.6,6.3,7,6.3,4.8,4.7,5.6,6,4.8,5.8,5.7,3.7
0.1,0.2,0.2,0.1,0.1,0.2,0,0.2,0.3,0.2,0.1,0.1,0.1,0.1,0,0.1,0.1,0.1,0.1,0.2,0.2,0.2,0.2,0.2,0.1,0.2,0.1,0,0,0.1,0.2,0.3,0.1,0.1,0.3,0.2,0.2,0.3,0.1,0.1,0.1,0.1,0.2,0.3,0.3,0.2,0.2,0.2,0.1,0.2,0,0.3,0.1,0.2,0.1,0.1,0.1,0.1,0.1,0.3,0.1,0.1,0.1,0.1,0.2,0.1,0.1,0.2,0.1,0.2,0.2,0.2,0.1,0.1,0.2,0.1,0,0.1,0.1,0.1,0.2,0.1,0.2,0.1,0.2,0.1,0,0.1,0.2,0.2,0.2,0.1,0.1,0.2,0.1,0.2,0.1,0.1,0.1,0.3,0.1,0.2,0.2,0.2,0.1,0.2,0.2,0.1,0.3,0.2,0.1,0.1,0.1,0,0.1,0.1,0.2,0.2,0.2,0.3,0.2,0.1,0.2,0.1,0.1,0.1,0.1,0.2,0.1,0.3,0.2,0.2,0.2,0.2,0.2,0
55206,65252,53464,102125,101618,52629,51579,68093,89759,66964,69767,63857,79079,112376,64119,124425,126606,81395,60321,84566,70743,76768,68377,68119,85890,91079,73151,67845,69479,85203,57888,57278,55832,58480,56129,52205,58588,61691,54208,52198,51670,78894,64461,70930,72184,84423,63353,93750,79818,87133,85818,86746,55882,55851,97814,76182,108188,83034,51000,66205,76604,100517,90484,69985,71853,61537,62107,80193,46390,76052,62919,55929,66778,64390,57076,100361,67523,63368,74414,88217,99642,68551,75259,82186,51208,38467,56369,61220,60222,116304,85066,69320,100468,51803,63967,79970,49910,60373,57189,50838,58876,52214,55638,71186,83068,59899,88569,99119,72045,66277,90122,46116,56461,61183,60856,47500,54149,96051,59839,88117,43958,91931,60232,39165,76929,66063,76392,87454,73801,75349,122227,95009,75407,87440,59783,49636
74.9,79.7,71.9,83.9,81.1,78.9,78.5,82.8,82,77.6,78.7,80.5,81.9,81,80,83.7,85.3,77.2,78.9,80.5,86.3,85.4,84.4,81.9,81.2,82,77.5,77.2,79.5,79.9,66.9,78.8,80,79.8,63.9,81.1,83.1,69,67.1,68.4,69.3,86.7,82.4,83,86.9,82.8,79.5,83.6,81.9,82.1,83.6,84.2,78.5,77.7,83.1,80.1,85.4,85.6,74.1,76.6,78.8,82.4,78.6,80.2,77.9,80.5,76.8,79,70.6,82.7,79.1,79.1,77.7,81.6,78.5,82.1,76.7,80.6,84.6,83.8,78.7,69.7,81.4,83.3,74.1,72.2,73.8,78.3,74.6,80.4,78.3,80.9,79.2,79.2,84.8,86.3,73.6,82.8,79,75,76.3,80.4,79.1,80.3,84.3,75.6,80.4,82.9,78,79.4,82.3,73.8,73.1,78.9,85.1,77.5,79.7,88.6,86.2,88.5,79.5,88.6,86,78.9,83.1,84.7,88,85.4,85.1,89.7,87,84.4,79.8,82,75.7,77.2
34.3,30.1,37.2,23.8,29.4,26.7,27.5,25.2,27.1,32.2,28.2,27.2,26.8,23.6,28.6,28.2,23.1,36,30.7,32.9,23.1,24.3,19.6,26.1,28,29.4,31.3,33,29.7,19.3,45.3,30.8,28.4,29.1,48.7,30,25.2,41.7,42.9,42.2,41.2,22.8,24.5,21.6,21.4,34.5,26.7,26.9,27.8,27.8,27.5,26.6,29.6,31.4,28.2,33,24,24.5,28.9,34.2,32.6,26.6,34.7,22.7,30.8,28.3,34.3,31.2,34,23.8,29.6,29.5,32.7,26.6,28.2,31,35.1,27.4,22.5,28.6,34.1,44.2,29.3,29.5,31.5,26.9,34.1,25.3,33.8,34.8,24.3,28.8,35.5,29.5,21.3,22.4,31.3,22.9,27.3,32.9,33.5,27.5,28.4,24.7,24.4,33.6,34.5,29.9,33.5,34.3,31.4,29.7,31.6,31.8,23.9,28.6,25.8,18.3,20.7,19.7,28.4,22.4,21.2,28.1,25.9,22.8,17.7,24,23.3,19.9,22.8,22.4,27.5,26.8,33.9,28.5
8.6,4,4.8,5.2,4.7,8.2,7.6,6.9,4.4,5.6,7.5,7.1,5,6.5,8.6,2.8,5.2,5.1,7.7,4,2.5,3.2,3.6,3.6,2.9,3.7,4.9,5.8,4.4,4.9,4.9,4.3,5.9,5,3.9,6.7,4.5,4,6.4,4,6.9,3.2,3.9,4.5,3,4.4,5.5,2.7,2.8,3.3,3.6,2.1,6.7,5.4,2.6,3.8,3,4.2,10.2,7.4,6.6,4.4,6,7.9,6.2,4.6,5.9,4.2,8.9,4.1,5,4.6,4.7,4.5,4.8,3.6,6,6.9,4.9,3.6,4.3,4,5.1,4,5.2,13,6.2,9,6.4,3.1,6,5.6,4.2,4.6,3.1,2.7,7.3,5.3,6.3,6.9,5.7,4.7,5,4.4,2.1,5.2,3.3,2.7,5.7,4.7,3.2,10.8,9.6,3.7,3.6,6.2,6.3,2.9,3.6,2,6.1,2.7,4.2,9.2,4.6,4.2,2.9,3.3,3.1,2.7,2.7,3.6,4.3,4.3,6.6,7.6
1.3,1.6,1.6,4.3,2.2,7.2,5.8,3.2,2,3.1,3.8,3.9,2.4,2.5,4.3,1.3,1.5,1.8,4.1,1.9,1.3,1.6,2.2,1.8,1.4,1.5,4,3.5,1.5,3.8,1.9,1.7,3.1,1.9,1.7,2.8,2.3,2,2.5,2,3.1,0.4,0.9,0.9,0.7,2.3,2.4,1.1,1.2,1.2,1.9,0.5,2.6,1.9,2,1.6,1.4,1.9,3.6,3.9,3.1,1.9,2.1,3.1,3.2,2.4,1.9,1.6,2.6,3.8,4.5,2.7,1.1,1.7,3,0.9,2.2,2.7,2.3,1,1.2,1.2,1.8,1.7,2.7,9.3,3.1,4.6,3.2,1.3,3.1,2.8,1.9,1.5,0.8,1.1,2.9,1.7,3,2.5,4,2.9,2.3,4.6,2.2,3.4,1.7,1.6,2.3,2.2,1.4,5.6,7.1,0.9,1.3,1.1,1.9,1,1.3,0.7,2.2,1.5,1.6,1.7,0.9,2,1,1.2,1.4,1.5,0.9,2.3,2.9,2.7,3.9,2
20,18,24.5,16.1,19.6,16.4,14.5,11.6,15.9,17.4,20.2,15.8,18.3,12.2,17.4,16.1,13.6,23.3,16.8,19.5,14.4,15.4,11.2,22.9,19.4,16.4,19.4,18.9,22.3,14.4,26.6,13.6,17.8,16.3,25.1,8.5,12.7,18.8,23.3,22.9,21.2,14.6,16.6,13.7,12.3,24.2,14.3,16.9,16.9,16.7,18.4,15.6,18,20.1,24.4,21.6,17.7,22.6,17.3,19.8,16.8,14.7,20.7,9.4,16.3,16.4,22.3,20,20.8,14.5,18.6,18.5,21.1,14.8,17.1,13.9,17.9,13.4,9.5,17.5,20.7,26.2,15.7,17.1,20.4,13,21.9,11.9,20.5,22.1,11.8,15.2,22.7,16.2,12.3,15.8,18.2,15.6,16.7,22.2,21.7,17.4,14.6,14.6,15.2,19.9,19.6,19.3,20,20.4,18.9,15.1,15.9,17.3,13.8,16.1,16.7,11,10.2,14.1,14.4,14.1,10.3,11.4,15.2,14.6,11.9,18.2,15.1,14.3,19.3,14.5,20.9,18.6,19.8,15.2
13.2,8.6,12.5,6.4,5.9,17.9,17.3,8.3,5.9,8.2,10.6,12.7,7.3,4.6,15.4,3.2,4.1,4.6,13.7,7.5,7.3,6.4,8,8.4,4.3,8.3,13.5,14.3,8.5,14,10.7,13.9,17.4,12.9,7.8,25,15.9,10.1,13.4,10,14.8,5.7,12,10.4,7,8.3,13.9,5.9,9.3,8.2,9.6,2.4,10.9,10.6,5.4,9.2,5.9,7.9,21.3,16.3,13.7,7,10.1,16.4,12,9.2,10.8,6.4,22.3,7.3,11.3,10.6,8.4,9.9,12.6,4.7,11.5,15.3,13.8,5.8,5.3,5.1,16.8,7.4,15.8,36.6,15.1,22.3,14.6,4,12.2,13,6.4,13.7,7.9,5.7,16.4,10.7,11.5,13.7,12.6,12.4,11,13.3,7.8,12.3,6.1,4.3,12,8.6,5.5,26.6,20.7,7.6,9.9,16.3,13.8,2.8,9.9,4.5,21.2,7.2,14.2,29,7.6,10.4,7.6,4.6,6.5,5.6,3.8,7.9,11.4,8.1,16.2,18.6
72335,76923,65641,123476,113973,60114,57105,76551,102047,76938,81058,70981,90981,131253,70745,144622,144690,98849,65936,94483,78329,94416,90020,78805,107501,115811,93319,87632,86149,117713,74529,70232,64923,72646,68820,58389,67012,76753,67776,71151,59360,96448,80332,89964,81018,101386,77744,114695,91813,103975,100865,106286,71433,69552,114547,93684,127733,96929,65702,82958,96887,124281,113033,82961,95247,76497,76333,102407,60108,104086,87154,71506,86824,82869,69298,122539,85873,81747,80997,104584,123066,86114,84553,98341,65701,46815,75761,71054,80944,133326,107493,75797,116089,65924,80720,99529,70181,75032,77326,67103,77800,64223,71414,91088,100490,86665,106262,117435,93696,79376,111322,55109,74420,76300,72743,61915,66925,112877,67315,106492,49356,103717,68340,43286,93848,77093,98859,99470,88889,79900,142961,117340,87122,100787,73709,62728
31683,33298,29410,48595,48968,23834,22778,34115,41722,28961,32748,25486,37841,71606,27217,62017,58588,41985,26191,36791,31072,39919,44556,33536,43551,56135,40806,38305,35859,55328,31082,32368,31993,32445,33010,28208,29830,38805,28478,34163,24985,40202,36987,47866,30556,35958,37538,46703,36777,45088,36541,46475,29479,32955,46407,39071,53493,37093,31433,34887,41971,52157,43869,41657,37069,32749,31940,44104,26988,45487,35257,31037,40843,35490,30754,50530,34891,39708,42150,39116,51716,36158,33809,42326,30539,21712,32795,34709,32970,50397,74911,31866,43905,30877,38367,41022,33531,33500,35957,29970,33736,31189,31607,40365,40152,38472,45655,49368,39085,32676,47780,28379,29772,31992,36891,28145,26470,43910,32467,40968,21687,38710,31293,16819,39597,32939,44782,36274,33658,26694,55767,52804,35797,39500,31360,28641
76321,69681,61326,101474,112644,57484,61120,73607,92438,65932,72696,60387,77850,133256,63897,124499,129808,82875,64992,79399,63177,78248,83743,67706,80980,135903,89100,83166,75263,110718,64923,69016,65119,71699,60490,60348,67158,78345,63375,66428,52676,85645,77902,107992,70331,66892,82808,103047,79007,101100,83551,100335,67125,72049,92917,81036,109545,66160,69912,78609,91825,109214,95992,90079,83097,73287,67861,97059,65358,92768,70749,64238,91736,76185,64098,108613,81568,94955,89826,88195,115208,83149,72185,90812,66651,51616,68368,78714,70305,110928,159437,63226,92692,70586,82330,87132,75072,70874,77358,63918,71815,69841,72464,76425,81237,81071,93362,106871,88553,68277,104517,66914,64099,68092,69219,63927,58640,100031,70625,88370,51437,97701,71830,47420,94760,73332,89178,77420,75072,77487,116492,110606,70786,83401,70156,62713
51177,55104,48834,80895,79598,51904,48636,60339,65620,55066,58241,50594,63540,101373,50644,98245,92611,61791,55755,61077,48819,62822,64308,52238,63362,82407,67447,63688,62442,88580,48920,53648,48457,51263,47937,45574,47969,54972,48804,51950,41232,61980,61004,65407,51769,53681,63713,69081,61138,68822,57326,65737,48582,51592,70006,62302,84452,65055,55562,55216,67679,80357,72169,70612,60414,52364,50316,64891,49459,69574,62547,51522,59040,56553,51439,75315,54586,63769,69028,66075,77446,59485,58825,64593,49738,47896,53442,67450,56417,78343,104620,58084,67004,49906,56043,63405,53340,53333,55685,47692,52509,45536,47707,64682,65519,57311,65962,73762,63398,50900,73513,54579,53349,52254,53163,49431,46992,65486,52990,62710,40599,62218,53984,36962,59697,52035,64154,57210,50314,46108,84843,77417,57040,60351,50740,48354
51930,49770,44608,76884,80252,45075,44140,48531,62191,50573,53741,47194,55646,100057,47841,85068,95797,60551,51102,56396,49631,56112,56503,51689,61948,74665,65458,62166,58084,81267,50731,45949,46422,50181,41672,38978,43222,49620,47860,47572,41124,61080,51701,66796,50983,52108,56384,74999,57047,65408,66432,70763,51429,51124,68909,61220,75967,52879,50983,61106,66050,80589,71052,60993,65001,51409,55439,73585,50612,62253,51266,50274,61784,53236,45117,75322,60222,57568,60686,72083,79293,63638,51737,60190,46232,40475,53213,56026,55719,78831,92458,50481,70633,49441,54483,62242,52066,52169,54298,49917,53783,46563,50601,55810,62649,59338,66949,75722,61009,52239,70610,49965,51452,50640,46729,44118,42440,76698,46413,65244,38085,69537,48176,36053,61502,51351,60245,65136,51867,60190,90596,80353,60131,66849,51300,49884
41325,41878,36816,64506,61969,39692,36237,44280,51018,40944,49688,40890,48698,80879,41046,71720,67330,51319,41513,47542,40852,47813,51551,40187,51088,60874,55454,51845,47868,70911,39949,41422,39629,40610,38273,34618,37255,41367,40449,40858,33093,51789,46141,52196,40919,43855,49969,53556,45006,51113,50035,51234,40639,41538,58546,50454,66700,55864,43472,47732,52326,62567,57117,56565,50480,41415,41864,51989,40521,54438,46927,40642,46187,44427,39621,60235,46470,49588,51958,52859,59034,50427,47251,51551,38080,40260,44464,51725,47002,62072,74721,47396,53865,38264,42129,50038,42879,42488,44478,39401,42375,36380,37523,51655,50504,46409,51887,57810,50116,40975,57335,42879,42242,40318,40924,39549,37626,52271,40700,50745,31630,51884,41283,30147,46836,41576,50776,49162,41489,37052,67347,61336,46279,50105,41533,41150
67.5,65.1,61.1,74.2,75.1,51,50.1,58.2,68.5,59.3,65.9,56.5,67.1,76.7,59.2,80.4,77.3,70.3,58.5,66.7,67,70.7,65.8,71.8,76.8,71.8,70.5,66.6,75.2,70.4,68.1,62.4,64,64.3,62.6,53.7,65.2,63,60,63.6,59.7,74.3,63.7,71.7,66,79.8,65.2,80.1,73.5,76.7,78.8,83.6,68,68.5,81.1,74.2,77.1,69.2,58.9,68.2,70,80,79.3,65.8,74.2,73.6,73.9,80.8,59.4,75.5,69,69.5,76.8,72.8,63.1,77.4,68.7,61.2,60.8,78.3,81.2,71.2,57,69.3,59.5,44.3,71.3,56.5,72.1,81.1,70.3,58.5,78.5,67.9,70.2,78.2,64.4,66.7,70.2,63.9,70.2,63.9,65.8,70.4,77,77.8,82,82.7,75,68.4,83.2,55.6,63.3,68.4,66.8,62.4,62,79.5,56.2,79.3,51.6,75,56.4,37,67.8,63.7,74,78.2,75.4,82.2,82.6,77.4,71.2,75.8,63.7,63.3
35.4,34.6,43.3,31,31.8,51.5,49.6,39.6,33,41.5,41,42,35,28.4,44,27.2,26.8,37,45.7,35.2,33.1,30.9,33.3,33.4,29.6,30.6,37.9,39.7,33.8,35.8,39,30.4,34,31.6,43.1,33.5,29.5,37.1,42.4,38.8,41.8,22.1,29.5,26,24.9,32.8,34.6,24.9,28.7,26.8,26.3,20.3,32.5,39.5,29.3,34.7,28.1,32.4,44.8,43.8,40.6,29.2,33.9,38.5,36.5,32.9,36.8,28.3,47.9,30.8,37.4,30.6,29.4,26.1,35.3,25.2,37.2,36,33.3,25.9,27.4,41.4,37.4,29.2,44.3,57.5,40.4,45.6,39.2,28.9,34,41.2,31.6,34.3,25.7,22.5,41.3,33.7,34.9,42.7,37.9,33.2,31.9,33,27.8,33.9,29.3,25.6,33.8,33.1,27.9,47.1,42.4,31,30,36.1,31.9,16.5,28.4,17.3,33.4,20.2,28.9,37.2,25,26.6,22.1,21.4,21,17.7,20.5,27,37.2,28.8,44.1,39.4
9.4,10.8,9.6,3.8,4.8,7.5,8.3,9,7,8.1,5,8.7,8.4,3.5,6.5,3.6,4.1,6.7,5.3,8.4,8.7,8.1,9,8.1,4.9,8.1,4,5.1,4.8,3.2,10.1,14.4,12.7,12.7,13.9,16.6,13,13.7,11.7,11.5,12.3,12.6,14.5,11,16,3.4,8.9,5.3,8.6,6.2,4.8,6.5,11,5.4,4.2,5.3,6.9,10.5,6.2,3.1,3.3,2.3,2.1,3.9,2.4,5.3,5.1,4.7,5.9,5.1,5.5,10.9,6.3,10.1,11.7,7.7,7.1,11,11.9,5.9,5,5.8,12.9,10.5,8.8,8.2,3.2,6.7,3,3.9,5.2,9.1,3.9,8.6,12,8.7,5.7,8,5.2,7,5.5,14.5,13.6,6.8,6.6,3.7,4.2,4.9,5.1,12.8,3.5,7.4,4.9,12.3,12.3,12.9,15.9,11.3,21.7,11.1,22.1,11.2,20.8,30.6,15.2,17.2,12.3,10.9,11.3,8.1,8,5.3,5.6,6.5,5.2,7.2
11.2,8.7,11.1,5.1,5.5,17.2,16.9,10.5,7.3,9.4,10.1,11.7,7.5,5.1,11.7,4.4,4.1,5.5,11.8,6.1,6.5,5.6,8.1,6.8,3.5,6.9,7.2,8.7,7.6,11.3,7.4,9.3,11.3,10.9,8.3,13.2,11.4,8.7,8.7,8,12.1,5.9,10.3,9.2,7.8,5,10.2,4.5,6.4,5.4,4.5,3.7,9.3,11.5,5.1,6.4,4.4,5.5,13.9,7.6,8,4.4,3.3,11.8,5.6,7.6,7.8,4.9,16.6,5.5,9.8,9.3,6.8,7,10,5.7,9.3,12.2,11.6,6.1,4.7,6.5,10.7,5.3,12.2,24.3,9.4,15.4,9.6,4.1,12.1,9.1,4.9,11.9,8.4,5,13.1,10.3,10.7,12.4,7.7,13.6,10.6,6.6,5.4,7.1,3.5,4.5,5.9,4.7,3.7,19.2,12.8,7.4,12.8,16.2,13.2,4.5,10.8,4.3,17.8,6.5,13.5,27.8,7,9.3,8.4,4.2,5.7,6.1,3.8,5.5,5.2,5.2,7.9,14.1
4.1,5.2,5.3,2.8,2.6,10.5,8.9,6.7,4.8,6.2,6.5,7.1,4.3,3,6.5,2.9,2.5,2.3,7.2,3.7,3.4,3.1,3.6,3.4,1.3,3.2,3,3.2,3,2.4,4.4,5.9,5.4,6.6,5.7,8.2,6.8,5.3,5.4,4,6.5,2.8,4.2,4.4,5.2,2.6,4.8,2.8,3.1,2.8,2.1,1.5,4.7,3.9,1.2,3,2.9,2.7,4.4,3.6,3.3,2,1.8,4.7,2.9,3.1,4.9,2.7,7.8,2.4,4.5,3.3,3.2,2.4,5.6,3.1,2.5,4.9,6.4,3.1,2.3,4.7,6.9,2.4,5.9,12.8,5.3,11.7,2.6,1.9,5.4,7,2.4,4.3,4.3,1.8,4.5,4.4,2.9,3.9,2.2,6.6,5.2,3.9,3.3,3,2.1,2.4,2.6,2.4,1.7,8.7,5.4,3.2,5.9,5.9,8.7,3,6.3,3.4,11.2,4.2,7.8,21,3.2,4.8,5,2.3,3.2,4.4,2,2.7,2.7,3,3.3,6.4
30,21.6,30.2,14.9,16.6,33.5,39.3,21.4,18.4,23.3,21,26.7,19.3,16.1,29.1,12.5,12.6,18.6,27.9,17.2,17.8,15.1,25.6,23.9,13,22.1,20,23.3,24.2,27.2,20.7,18.4,25.9,26.1,20.3,25.1,26,20.5,23.8,17.8,28.3,16.1,21.6,20.3,18.9,15.2,24.4,15.8,21.2,19.1,17,18.3,23.2,33.9,22.9,16.3,11.6,10.8,26.6,21.3,20.7,16.8,10.8,26.6,17.4,24.2,18.4,15.3,32.7,20,26,24.7,19.4,23.4,22.6,16.7,26.4,26.8,27.8,17.9,16.2,18.1,22.2,13.5,29.2,36.7,21.5,23.5,29.2,15.6,27.9,16.1,16,30.7,21.2,18.2,32,25.9,30.8,31.2,24.8,34.4,28.7,18.7,18.1,22.4,12.1,16.4,17.6,17.1,15.4,32.1,28.5,24.4,32.4,36,27.1,14.2,24.8,9.4,34.7,17.5,30.5,42,28.2,24,23.7,14.9,18.9,19.3,11.4,20.8,17.5,16.2,27.4,30.1
16,12.2,16.2,8.9,7.7,21.5,20.6,14.1,10.5,12.7,14.3,14.9,11.4,10,14.2,6.8,7.2,10.1,15.6,8.9,8.8,8.1,11.3,9.9,6.9,10.2,11.1,11.6,11.7,16.2,10.6,12.4,14.5,14.8,12.2,16,16,12.2,12.7,11.6,15.8,8.7,13.8,12.9,8.9,7.8,13.7,6.5,8.4,7.8,6.2,5.4,13,15.4,7.1,10.1,6.9,8.1,18.4,10.6,10.7,7.3,5.7,17.5,8.8,11.3,11.1,8.1,21.6,10.1,14.5,12.9,10.6,11.3,13.9,6.9,13.3,15.2,14.4,8.3,6.6,9.8,13.6,7.3,16.8,27.4,13.8,19,14.7,5.6,15.5,11.5,7.2,15.6,11.7,8.4,17.7,15.5,15.4,17.1,11.7,17.2,14.3,11.9,8.9,11.8,5.5,7,8.6,7.6,5.8,24.5,16.7,10.8,15.4,21.7,17.3,6.7,14.1,7.6,20.6,8,16.6,30.5,9.2,12.1,12.1,6.8,8.9,9.4,5.9,9.3,8.5,7.5,13.1,18.9
63,62.6,62.3,53.6,66.7,51.2,57.4,45.3,57.4,68.2,57.3,60.5,53.1,37.6,54.5,60.5,55.6,61.5,59.2,62.5,64.8,63,49.3,65.6,69.5,65.7,65,60.9,67.9,42.3,75.7,62.4,54.9,58.1,72.8,51.3,54.7,70.6,73.8,66.9,69.6,64.6,55.5,53.5,65.6,55.4,57.2,73,75.3,73.7,80.2,68.7,63.7,61.5,73.9,66.6,65.1,62.4,47.5,61,62.8,61.6,77.2,35.3,66.1,70,74.1,70.8,62,62.3,59.1,58.7,67,61.7,54.2,64.8,66.6,44.8,33.1,62.9,74.4,80,52.2,57.6,61.3,18.5,64.3,30.6,64.8,79.8,24,45.3,79.5,57.3,55.9,63.4,57.6,53.7,57.5,59.7,66.6,58,58.7,53.7,62.3,65.1,75.7,74.6,66.1,67.4,70.8,52.7,54.6,67.7,53.6,55,58,65,48.9,65.5,61,77,54.1,68.6,72.4,59.4,51.7,69.3,66.8,69.3,68.9,56,62.8,67.8,63.4,48.9
37,37.4,37.7,46.4,33.3,48.8,42.6,54.7,42.6,31.8,42.7,39.5,46.9,62.4,45.5,39.5,44.4,38.5,40.8,37.5,35.2,37,50.7,34.4,30.5,34.3,35,39.1,32.1,57.7,24.3,37.6,45.1,41.9,27.2,48.7,45.3,29.4,26.2,33.1,30.4,35.4,44.5,46.5,34.4,44.6,42.8,27,24.7,26.3,19.8,31.3,36.3,38.5,26.1,33.4,34.9,37.6,52.5,39,37.2,38.4,22.8,64.7,33.9,30,25.9,29.2,38,37.7,40.9,41.3,33,38.3,45.8,35.2,33.4,55.2,66.9,37.1,25.6,20,47.8,42.4,38.7,81.5,35.7,69.4,35.2,20.2,76,54.7,20.5,42.7,44.1,36.6,42.4,46.3,42.5,40.3,33.4,42,41.3,46.3,37.7,34.9,24.3,25.4,33.9,32.6,29.2,47.3,45.4,32.3,46.4,45,42,35,51.1,34.5,39,23,45.9,31.4,27.6,40.6,48.3,30.7,33.2,30.7,31.1,44,37.2,32.2,36.6,51.1
1.2,1.5,1.5,0.9,0.8,2.6,1.8,1.3,1,1.5,1,1.7,1.3,1.3,1.1,0.7,0.7,0.8,1,1.6,1.2,1.1,1.2,1.1,1.1,0.6,1.4,1.3,0.8,1.2,1.6,1.6,1.6,1.2,1.5,1.8,1.4,1.2,1.4,2,2.5,0.9,1.2,1.5,1.5,1.4,1.5,1,1.2,0.8,1.1,0.6,1.6,1.4,0.6,1.2,0.9,1,2.8,2.2,1.6,0.8,1.1,1,1,1.4,1.4,1.2,1.7,1.1,1.8,0.9,0.8,1.4,1.9,0.6,1.6,1.6,2.1,0.9,0.6,0.9,1.3,1,1.7,3.3,1.9,1.8,1.5,1,1.3,1.2,0.8,1,1.2,0.8,1.1,1,1.2,1.2,1.1,2.4,1.5,1,0.9,1.3,0.8,1.4,0.9,3.1,0.6,1.6,1.5,1.5,1.7,1.7,1.8,1,1.7,0.9,2.1,1,1.3,1.3,1,1.1,1.1,1.2,1,0.7,0.5,1.2,1.7,1,1.5,2.2
1.4,4.6,3.6,7.8,5.6,10.4,8.9,11.2,8.6,6.7,5.4,9.4,7,7.1,7.6,7.4,8.4,5.4,6.5,7,5.7,2.8,2.7,2.8,1.2,2.6,1.5,2.4,1.4,3.2,1.5,4.6,2.5,2.6,2,6.3,3.5,3.2,1.5,1.5,3.6,1.9,2.4,2.3,2.9,8.9,2.9,2.3,3.3,1.9,2,1.2,3.1,1.7,1.8,1.1,3.2,3.4,1.7,1.7,2.8,1.9,0.8,3.9,1.9,2.3,2.3,1.3,2.1,2.8,4.2,1.6,1.2,1.9,4.3,2.5,2.7,5.2,8.6,4.2,1.4,1.9,6.4,3.8,2.7,12.5,1.5,9.5,1.4,2.7,6.1,10,2.8,3.3,2.3,1.7,1.3,2,1.5,1.4,1.4,2.9,2.5,3.6,3.4,0.8,1.3,1.1,1.7,1.8,1.2,2.6,2.3,1.6,3,2.2,4.2,1.9,6.2,2.5,4.3,3.7,6,12.4,2.7,4.3,4.3,2.5,3.8,5.6,3.3,3.8,3.1,3,2.2,3
75.8,73.9,74.1,67.4,65.6,68.4,65.4,56.1,60.4,59.3,67.5,62.9,60.8,64.4,65,63.1,66.8,63.1,65.9,60.7,69.4,71.8,72.7,71.6,76.3,64.5,72.4,67.9,70,74,71.2,58.4,71.2,72.4,65.7,55.9,70,62.3,72.2,68.7,71.3,78.6,74,74.7,73.9,61.9,65.9,73.5,72.2,71.1,74.6,80.4,79.8,76.5,73.3,75,72.7,68.2,71.1,71.4,68.9,71,69,67.1,72.7,79.2,75.9,78.5,73.6,77.3,77.9,78.4,77.9,78.8,68.7,63.9,67.1,60,61.7,66.6,68,61.7,57.5,65.8,69.5,52.6,78.7,53.2,76.6,61.5,76.3,53.5,60,74.7,75.3,81.7,75.9,77,78.6,79.3,80.9,76.4,77.9,70.1,73.2,80.2,71.7,76.2,72.1,75.3,74.6,67.8,66.1,77.7,73.2,72.1,71,74.3,70.7,75.8,63,69.7,72.3,64.2,73,74.4,72.8,73.4,76,75.6,73.9,70.6,71,70.5,72.1,74.6
166900,276800,198100,842000,670000,274400,226400,625200,709800,364900,376800,353400,606200,1195700,366000,1209000,1110600,655200,318900,614400,343400,392400,435100,289500,440200,435000,241700,251100,269800,617900,221300,277600,191500,232500,235000,317100,259000,299800,174500,215800,161300,278700,235100,333200,232600,701200,255900,317800,246000,269300,242800,277300,147700,182500,371400,269900,489000,320500,167800,317500,444700,543600,388500,538000,291800,189100,176100,258900,120700,289900,240900,159100,210000,176400,286600,476200,198600,393000,405200,352300,436200,285200,351500,375400,208400,436100,160200,759400,151800,517500,1013400,577400,409400,170300,253000,301900,139100,186500,162100,125900,151900,156800,160800,422900,417100,163300,338500,367800,254000,220500,323400,167700,242900,192700,277100,157700,169700,340600,196300,305200,123900,276900,187100,87500,245000,210000,355200,283000,336500,332900,569000,635200,338400,455000,243400,162600
51.2,53.1,52,51.1,46.2,44.5,44,42.9,44.1,39,45.5,42.4,42.2,64.8,45.9,52,53.8,46.1,47.6,41,43.7,42.3,52.8,46.6,49.4,44.7,49,46.5,49.4,53.5,42.5,38.7,49.7,47,44.6,35.7,42.9,39.3,48.9,46.4,53.8,53.3,48.5,51.8,48.1,45,51.6,56.5,50.4,54.5,49.5,57.4,53.4,53.5,52.6,46.4,51.2,47.8,50.6,53.7,41.5,54.8,45.4,49,51.6,53,54,57.1,47.1,53.7,51,53.2,54.4,54.8,46.8,53.6,39.3,45.8,55.2,52.9,43.8,36.7,47.9,50.1,47.9,38.8,51.1,46.7,45.7,45.2,55.1,46.2,43.5,50.8,53.8,57,51,56.8,52.8,55.5,54.6,53.4,55.5,50.9,53.8,54,50.8,55.6,51.4,52.1,55.7,46.1,50.3,57.2,50.1,40.9,49,55.4,52.8,54.4,50.3,49.6,50.1,46.3,58.3,51.2,51.4,52,55.4,53.1,53.9,54.7,48.4,49.4,49.7,50
917,1119,887,1875,1827,996,974,1479,1872,1374,1300,1275,1668,1880,1243,2389,2305,1655,1158,1747,1367,1384,1330,1194,1388,1439,1095,1150,1156,1516,1074,1372,1082,1161,1190,1349,1219,1369,1075,1119,961,1236,1172,1230,1309,1726,1113,1287,1155,1199,1160,1109,788,874,1595,1255,1746,1459,1057,895,1278,1676,1296,1629,1068,893,933,1033,873,1139,981,921,966,919,1130,1459,1093,1187,1419,1467,1402,1435,1281,1306,870,1188,836,1433,919,1806,1746,1588,1732,872,1162,1164,795,965,803,784,795,883,858,1280,1386,880,1267,1272,1026,975,1257,1032,957,943,1121,902,994,1391,1125,1228,801,1424,1062,703,1204,1112,1321,1359,1140,1058,1851,1674,1299,1525,921,861
